"name","kind","alias_of","upstream_package","family","scope","exclusion_reason","problem_representation","required_features","rust_status","rust_name","julia_compliance_detected","upstream_source","upstream_line"
"AB3","algorithm",,"OrdinaryDiffEqAdamsBashforthMoulton","Adams multistep","included",,"ODEProblem","first-order state; multistep history; adaptive controller for VC variants","implemented-and-julia-tested","Ab3","True","lib/OrdinaryDiffEqAdamsBashforthMoulton/src/algorithms.jl","23"
"AB4","algorithm",,"OrdinaryDiffEqAdamsBashforthMoulton","Adams multistep","included",,"ODEProblem","first-order state; multistep history; adaptive controller for VC variants","implemented-and-julia-tested","Ab4","True","lib/OrdinaryDiffEqAdamsBashforthMoulton/src/algorithms.jl","36"
"AB5","algorithm",,"OrdinaryDiffEqAdamsBashforthMoulton","Adams multistep","included",,"ODEProblem","first-order state; multistep history; adaptive controller for VC variants","implemented-and-julia-tested","Ab5","True","lib/OrdinaryDiffEqAdamsBashforthMoulton/src/algorithms.jl","49"
"ABM32","algorithm",,"OrdinaryDiffEqAdamsBashforthMoulton","Adams multistep","included",,"ODEProblem","first-order state; multistep history; adaptive controller for VC variants","implemented-and-julia-tested","Abm32","True","lib/OrdinaryDiffEqAdamsBashforthMoulton/src/algorithms.jl","63"
"ABM43","algorithm",,"OrdinaryDiffEqAdamsBashforthMoulton","Adams multistep","included",,"ODEProblem","first-order state; multistep history; adaptive controller for VC variants","implemented-and-julia-tested","Abm43","True","lib/OrdinaryDiffEqAdamsBashforthMoulton/src/algorithms.jl","77"
"ABM54","algorithm",,"OrdinaryDiffEqAdamsBashforthMoulton","Adams multistep","included",,"ODEProblem","first-order state; multistep history; adaptive controller for VC variants","implemented-and-julia-tested","Abm54","True","lib/OrdinaryDiffEqAdamsBashforthMoulton/src/algorithms.jl","91"
"VCAB3","algorithm",,"OrdinaryDiffEqAdamsBashforthMoulton","Adams multistep","included",,"ODEProblem","first-order state; multistep history; adaptive controller for VC variants","implemented-and-julia-tested","Vcab3","True","lib/OrdinaryDiffEqAdamsBashforthMoulton/src/algorithms.jl","106"
"VCAB4","algorithm",,"OrdinaryDiffEqAdamsBashforthMoulton","Adams multistep","included",,"ODEProblem","first-order state; multistep history; adaptive controller for VC variants","implemented-and-julia-tested","Vcab4","True","lib/OrdinaryDiffEqAdamsBashforthMoulton/src/algorithms.jl","119"
"VCAB5","algorithm",,"OrdinaryDiffEqAdamsBashforthMoulton","Adams multistep","included",,"ODEProblem","first-order state; multistep history; adaptive controller for VC variants","implemented-and-julia-tested","Vcab5","True","lib/OrdinaryDiffEqAdamsBashforthMoulton/src/algorithms.jl","132"
"VCABM","algorithm",,"OrdinaryDiffEqAdamsBashforthMoulton","Adams multistep","included",,"ODEProblem","first-order state; multistep history; adaptive controller for VC variants","missing",,"False","lib/OrdinaryDiffEqAdamsBashforthMoulton/src/algorithms.jl","186"
"VCABM3","algorithm",,"OrdinaryDiffEqAdamsBashforthMoulton","Adams multistep","included",,"ODEProblem","first-order state; multistep history; adaptive controller for VC variants","implemented-and-julia-tested","Vcabm3","True","lib/OrdinaryDiffEqAdamsBashforthMoulton/src/algorithms.jl","145"
"VCABM4","algorithm",,"OrdinaryDiffEqAdamsBashforthMoulton","Adams multistep","included",,"ODEProblem","first-order state; multistep history; adaptive controller for VC variants","implemented-and-julia-tested","Vcabm4","True","lib/OrdinaryDiffEqAdamsBashforthMoulton/src/algorithms.jl","158"
"VCABM5","algorithm",,"OrdinaryDiffEqAdamsBashforthMoulton","Adams multistep","included",,"ODEProblem","first-order state; multistep history; adaptive controller for VC variants","implemented-and-julia-tested","Vcabm5","True","lib/OrdinaryDiffEqAdamsBashforthMoulton/src/algorithms.jl","171"
"AMF","composite-constructor",,"OrdinaryDiffEqAMF","approximate-matrix-factorization wrapper","included",,"ODEProblem with structured ODEFunction","Rosenbrock-W inner method; Jacobian operator factors; structured linear solve","missing",,"False","lib/OrdinaryDiffEqAMF/src/amf.jl","33"
"ABDF2","algorithm",,"OrdinaryDiffEqBDF","BDF and IMEX multistep","included",,"ODEProblem","first-order state; nonlinear solve; Jacobian and linear solve; multistep history","missing",,"False","lib/OrdinaryDiffEqBDF/src/algorithms.jl","63"
"DABDF2","algorithm",,"OrdinaryDiffEqBDF","BDF and IMEX multistep","excluded","DAE residual-form algorithm; DAE-only behavior is outside regular ODE scope.","ODEProblem","first-order state; nonlinear solve; Jacobian and linear solve; multistep history","not-applicable",,"False","lib/OrdinaryDiffEqBDF/src/algorithms.jl","689"
"DFBDF","algorithm",,"OrdinaryDiffEqBDF","BDF and IMEX multistep","excluded","DAE residual-form algorithm; DAE-only behavior is outside regular ODE scope.","ODEProblem","first-order state; nonlinear solve; Jacobian and linear solve; multistep history","not-applicable",,"False","lib/OrdinaryDiffEqBDF/src/algorithms.jl","735"
"DImplicitEuler","algorithm",,"OrdinaryDiffEqBDF","BDF and IMEX multistep","excluded","DAE residual-form algorithm; DAE-only behavior is outside regular ODE scope.","ODEProblem","first-order state; nonlinear solve; Jacobian and linear solve; multistep history","not-applicable",,"False","lib/OrdinaryDiffEqBDF/src/algorithms.jl","647"
"FBDF","algorithm",,"OrdinaryDiffEqBDF","BDF and IMEX multistep","included",,"ODEProblem","first-order state; nonlinear solve; Jacobian and linear solve; multistep history","missing",,"False","lib/OrdinaryDiffEqBDF/src/algorithms.jl","504"
"IMEXEuler","algorithm",,"OrdinaryDiffEqBDF","BDF and IMEX multistep","included",,"ODEProblem or SplitODEProblem","first-order state; nonlinear solve; Jacobian and linear solve; multistep history; split explicit/implicit right-hand side","missing",,"False","lib/OrdinaryDiffEqBDF/src/algorithms.jl","602"
"IMEXEulerARK","algorithm",,"OrdinaryDiffEqBDF","BDF and IMEX multistep","included",,"ODEProblem or SplitODEProblem","first-order state; nonlinear solve; Jacobian and linear solve; multistep history; split explicit/implicit right-hand side","missing",,"False","lib/OrdinaryDiffEqBDF/src/algorithms.jl","632"
"MEBDF2","algorithm",,"OrdinaryDiffEqBDF","BDF and IMEX multistep","included",,"ODEProblem or SplitODEProblem","first-order state; nonlinear solve; Jacobian and linear solve; multistep history; split explicit/implicit right-hand side","missing",,"False","lib/OrdinaryDiffEqBDF/src/algorithms.jl","437"
"QBDF","configured-alias","QNDF(kappa=(0,0,0,0,0))","OrdinaryDiffEqBDF","BDF and IMEX multistep","included",,"ODEProblem","first-order state; nonlinear solve; Jacobian and linear solve; multistep history","missing",,"False","lib/OrdinaryDiffEqBDF/src/algorithms.jl","575"
"QBDF1","configured-alias","QNDF1(kappa=0)","OrdinaryDiffEqBDF","BDF and IMEX multistep","included",,"ODEProblem","first-order state; nonlinear solve; Jacobian and linear solve; multistep history","missing",,"False","lib/OrdinaryDiffEqBDF/src/algorithms.jl","561"
"QBDF2","configured-alias","QNDF2(kappa=0)","OrdinaryDiffEqBDF","BDF and IMEX multistep","included",,"ODEProblem","first-order state; nonlinear solve; Jacobian and linear solve; multistep history","missing",,"False","lib/OrdinaryDiffEqBDF/src/algorithms.jl","568"
"QNDF","algorithm",,"OrdinaryDiffEqBDF","BDF and IMEX multistep","included",,"ODEProblem","first-order state; nonlinear solve; Jacobian and linear solve; multistep history","missing",,"False","lib/OrdinaryDiffEqBDF/src/algorithms.jl","375"
"QNDF1","algorithm",,"OrdinaryDiffEqBDF","BDF and IMEX multistep","included",,"ODEProblem","first-order state; nonlinear solve; Jacobian and linear solve; multistep history","missing",,"False","lib/OrdinaryDiffEqBDF/src/algorithms.jl","255"
"QNDF2","algorithm",,"OrdinaryDiffEqBDF","BDF and IMEX multistep","included",,"ODEProblem","first-order state; nonlinear solve; Jacobian and linear solve; multistep history","missing",,"False","lib/OrdinaryDiffEqBDF/src/algorithms.jl","313"
"SBDF","algorithm",,"OrdinaryDiffEqBDF","BDF and IMEX multistep","included",,"ODEProblem or SplitODEProblem","first-order state; nonlinear solve; Jacobian and linear solve; multistep history; split explicit/implicit right-hand side","missing",,"False","lib/OrdinaryDiffEqBDF/src/algorithms.jl","123"
"SBDF2","algorithm",,"OrdinaryDiffEqBDF","BDF and IMEX multistep","included",,"ODEProblem or SplitODEProblem","first-order state; nonlinear solve; Jacobian and linear solve; multistep history; split explicit/implicit right-hand side","missing",,"False","lib/OrdinaryDiffEqBDF/src/algorithms.jl","197"
"SBDF3","algorithm",,"OrdinaryDiffEqBDF","BDF and IMEX multistep","included",,"ODEProblem or SplitODEProblem","first-order state; nonlinear solve; Jacobian and linear solve; multistep history; split explicit/implicit right-hand side","missing",,"False","lib/OrdinaryDiffEqBDF/src/algorithms.jl","212"
"SBDF4","algorithm",,"OrdinaryDiffEqBDF","BDF and IMEX multistep","included",,"ODEProblem or SplitODEProblem","first-order state; nonlinear solve; Jacobian and linear solve; multistep history; split explicit/implicit right-hand side","missing",,"False","lib/OrdinaryDiffEqBDF/src/algorithms.jl","227"
"DefaultImplicitODEAlgorithm","composite-constructor",,"OrdinaryDiffEqDefault","automatic/default composite","included",,"ODEProblem","composite algorithms; automatic stiffness detection; native explicit and stiff methods","missing",,"False","lib/OrdinaryDiffEqDefault/src/default_alg.jl","239"
"DefaultODEAlgorithm","composite-constructor",,"OrdinaryDiffEqDefault","automatic/default composite","included",,"ODEProblem","composite algorithms; automatic stiffness detection; native explicit and stiff methods","missing",,"False","lib/OrdinaryDiffEqDefault/src/default_alg.jl","63"
"ExplicitRK","algorithm",,"OrdinaryDiffEqExplicitRK","user-tableau explicit Runge-Kutta","included",,"ODEProblem","first-order state; user-supplied Butcher tableau; adaptive controller","missing",,"False","lib/OrdinaryDiffEqExplicitRK/src/algorithms.jl","272"
"EPIRK4s3A","algorithm",,"OrdinaryDiffEqExponentialRK","exponential Runge-Kutta","included",,"ODEProblem or SplitODEProblem","linear/operator part; matrix exponential or Krylov action; semilinear split","missing",,"False","lib/OrdinaryDiffEqExponentialRK/src/alg_utils.jl","16"
"EPIRK4s3B","algorithm",,"OrdinaryDiffEqExponentialRK","exponential Runge-Kutta","included",,"ODEProblem or SplitODEProblem","linear/operator part; matrix exponential or Krylov action; semilinear split","missing",,"False","lib/OrdinaryDiffEqExponentialRK/src/alg_utils.jl","17"
"EPIRK5P1","algorithm",,"OrdinaryDiffEqExponentialRK","exponential Runge-Kutta","included",,"ODEProblem or SplitODEProblem","linear/operator part; matrix exponential or Krylov action; semilinear split","missing",,"False","lib/OrdinaryDiffEqExponentialRK/src/alg_utils.jl","19"
"EPIRK5P2","algorithm",,"OrdinaryDiffEqExponentialRK","exponential Runge-Kutta","included",,"ODEProblem or SplitODEProblem","linear/operator part; matrix exponential or Krylov action; semilinear split","missing",,"False","lib/OrdinaryDiffEqExponentialRK/src/alg_utils.jl","20"
"EPIRK5s3","algorithm",,"OrdinaryDiffEqExponentialRK","exponential Runge-Kutta","included",,"ODEProblem or SplitODEProblem","linear/operator part; matrix exponential or Krylov action; semilinear split","missing",,"False","lib/OrdinaryDiffEqExponentialRK/src/alg_utils.jl","18"
"ETD1","exact-alias","NorsettEuler","OrdinaryDiffEqExponentialRK","exponential Runge-Kutta","included",,"ODEProblem or SplitODEProblem","linear/operator part; matrix exponential or Krylov action; semilinear split","missing",,"False","lib/OrdinaryDiffEqExponentialRK/src/algorithms.jl","110"
"ETD2","algorithm",,"OrdinaryDiffEqExponentialRK","exponential Runge-Kutta","included",,"ODEProblem or SplitODEProblem","linear/operator part; matrix exponential or Krylov action; semilinear split","missing",,"False","lib/OrdinaryDiffEqExponentialRK/src/algorithms.jl","272"
"ETDRK2","algorithm",,"OrdinaryDiffEqExponentialRK","exponential Runge-Kutta","included",,"ODEProblem or SplitODEProblem","linear/operator part; matrix exponential or Krylov action; semilinear split","missing",,"False","lib/OrdinaryDiffEqExponentialRK/src/alg_utils.jl","11"
"ETDRK3","algorithm",,"OrdinaryDiffEqExponentialRK","exponential Runge-Kutta","included",,"ODEProblem or SplitODEProblem","linear/operator part; matrix exponential or Krylov action; semilinear split","missing",,"False","lib/OrdinaryDiffEqExponentialRK/src/alg_utils.jl","12"
"ETDRK4","algorithm",,"OrdinaryDiffEqExponentialRK","exponential Runge-Kutta","included",,"ODEProblem or SplitODEProblem","linear/operator part; matrix exponential or Krylov action; semilinear split","missing",,"False","lib/OrdinaryDiffEqExponentialRK/src/alg_utils.jl","13"
"Exp4","algorithm",,"OrdinaryDiffEqExponentialRK","exponential Runge-Kutta","included",,"ODEProblem or SplitODEProblem","linear/operator part; matrix exponential or Krylov action; semilinear split","missing",,"False","lib/OrdinaryDiffEqExponentialRK/src/alg_utils.jl","15"
"Exprb32","algorithm",,"OrdinaryDiffEqExponentialRK","exponential Runge-Kutta","included",,"ODEProblem or SplitODEProblem","linear/operator part; matrix exponential or Krylov action; semilinear split","missing",,"False","lib/OrdinaryDiffEqExponentialRK/src/alg_utils.jl","23"
"Exprb43","algorithm",,"OrdinaryDiffEqExponentialRK","exponential Runge-Kutta","included",,"ODEProblem or SplitODEProblem","linear/operator part; matrix exponential or Krylov action; semilinear split","missing",,"False","lib/OrdinaryDiffEqExponentialRK/src/alg_utils.jl","24"
"EXPRB53s3","algorithm",,"OrdinaryDiffEqExponentialRK","exponential Runge-Kutta","included",,"ODEProblem or SplitODEProblem","linear/operator part; matrix exponential or Krylov action; semilinear split","missing",,"False","lib/OrdinaryDiffEqExponentialRK/src/alg_utils.jl","21"
"HochOst4","algorithm",,"OrdinaryDiffEqExponentialRK","exponential Runge-Kutta","included",,"ODEProblem or SplitODEProblem","linear/operator part; matrix exponential or Krylov action; semilinear split","missing",,"False","lib/OrdinaryDiffEqExponentialRK/src/alg_utils.jl","14"
"LawsonEuler","algorithm",,"OrdinaryDiffEqExponentialRK","exponential Runge-Kutta","included",,"ODEProblem or SplitODEProblem","linear/operator part; matrix exponential or Krylov action; semilinear split","missing",,"False","lib/OrdinaryDiffEqExponentialRK/src/alg_utils.jl","9"
"NorsettEuler","algorithm",,"OrdinaryDiffEqExponentialRK","exponential Runge-Kutta","included",,"ODEProblem or SplitODEProblem","linear/operator part; matrix exponential or Krylov action; semilinear split","missing",,"False","lib/OrdinaryDiffEqExponentialRK/src/alg_utils.jl","10"
"AitkenNeville","algorithm",,"OrdinaryDiffEqExtrapolation","extrapolation","included",,"ODEProblem","repeated subintegration; adaptive order/step controller; nonlinear solve for implicit variants","missing",,"False","lib/OrdinaryDiffEqExtrapolation/src/algorithms.jl","32"
"ExtrapolationMidpointDeuflhard","algorithm",,"OrdinaryDiffEqExtrapolation","extrapolation","included",,"ODEProblem","repeated subintegration; adaptive order/step controller; nonlinear solve for implicit variants","missing",,"False","lib/OrdinaryDiffEqExtrapolation/src/algorithms.jl","141"
"ExtrapolationMidpointHairerWanner","algorithm",,"OrdinaryDiffEqExtrapolation","extrapolation","included",,"ODEProblem","repeated subintegration; adaptive order/step controller; nonlinear solve for implicit variants","missing",,"False","lib/OrdinaryDiffEqExtrapolation/src/algorithms.jl","299"
"ImplicitDeuflhardExtrapolation","algorithm",,"OrdinaryDiffEqExtrapolation","extrapolation","included",,"ODEProblem","repeated subintegration; adaptive order/step controller; nonlinear solve for implicit variants","missing",,"False","lib/OrdinaryDiffEqExtrapolation/src/algorithms.jl","215"
"ImplicitEulerBarycentricExtrapolation","algorithm",,"OrdinaryDiffEqExtrapolation","extrapolation","included",,"ODEProblem","repeated subintegration; adaptive order/step controller; nonlinear solve for implicit variants","missing",,"False","lib/OrdinaryDiffEqExtrapolation/src/algorithms.jl","462"
"ImplicitEulerExtrapolation","algorithm",,"OrdinaryDiffEqExtrapolation","extrapolation","included",,"ODEProblem","repeated subintegration; adaptive order/step controller; nonlinear solve for implicit variants","missing",,"False","lib/OrdinaryDiffEqExtrapolation/src/algorithms.jl","60"
"ImplicitHairerWannerExtrapolation","algorithm",,"OrdinaryDiffEqExtrapolation","extrapolation","included",,"ODEProblem","repeated subintegration; adaptive order/step controller; nonlinear solve for implicit variants","missing",,"False","lib/OrdinaryDiffEqExtrapolation/src/algorithms.jl","375"
"Feagin10","algorithm",,"OrdinaryDiffEqFeagin","high-order explicit Runge-Kutta","included",,"ODEProblem","first-order state; adaptive controller; high-order dense interpolation","missing",,"False","lib/OrdinaryDiffEqFeagin/src/algorithms.jl","16"
"Feagin12","algorithm",,"OrdinaryDiffEqFeagin","high-order explicit Runge-Kutta","included",,"ODEProblem","first-order state; adaptive controller; high-order dense interpolation","missing",,"False","lib/OrdinaryDiffEqFeagin/src/algorithms.jl","35"
"Feagin14","algorithm",,"OrdinaryDiffEqFeagin","high-order explicit Runge-Kutta","included",,"ODEProblem","first-order state; adaptive controller; high-order dense interpolation","missing",,"False","lib/OrdinaryDiffEqFeagin/src/algorithms.jl","54"
"AdaptiveRadau","algorithm",,"OrdinaryDiffEqFIRK","fully implicit Runge-Kutta","included",,"ODEProblem","coupled-stage nonlinear solve; Jacobian and linear solve; adaptive controller","missing",,"False","lib/OrdinaryDiffEqFIRK/src/algorithms.jl","180"
"GaussLegendre","algorithm",,"OrdinaryDiffEqFIRK","fully implicit Runge-Kutta","included",,"ODEProblem","coupled-stage nonlinear solve; Jacobian and linear solve; adaptive controller","missing",,"False","lib/OrdinaryDiffEqFIRK/src/algorithms.jl","246"
"RadauIIA3","algorithm",,"OrdinaryDiffEqFIRK","fully implicit Runge-Kutta","included",,"ODEProblem","coupled-stage nonlinear solve; Jacobian and linear solve; adaptive controller","missing",,"False","lib/OrdinaryDiffEqFIRK/src/algorithms.jl","37"
"RadauIIA5","algorithm",,"OrdinaryDiffEqFIRK","fully implicit Runge-Kutta","included",,"ODEProblem","coupled-stage nonlinear solve; Jacobian and linear solve; adaptive controller","missing",,"False","lib/OrdinaryDiffEqFIRK/src/algorithms.jl","83"
"RadauIIA9","algorithm",,"OrdinaryDiffEqFIRK","fully implicit Runge-Kutta","included",,"ODEProblem","coupled-stage nonlinear solve; Jacobian and linear solve; adaptive controller","missing",,"False","lib/OrdinaryDiffEqFIRK/src/algorithms.jl","132"
"FunctionMap","algorithm",,"OrdinaryDiffEqFunctionMap","discrete map","excluded","Discrete dynamical-system map, not a continuous initial-value ODE solver.","DiscreteProblem/operator map","fixed-step discrete update","not-applicable",,"False","lib/OrdinaryDiffEqFunctionMap/src/algorithms.jl","13"
"DP8","algorithm",,"OrdinaryDiffEqHighOrderRK","high-order explicit Runge-Kutta","included",,"ODEProblem","first-order state; adaptive controller; high-order dense interpolation","missing",,"False","lib/OrdinaryDiffEqHighOrderRK/src/algorithms.jl","41"
"PFRK87","algorithm",,"OrdinaryDiffEqHighOrderRK","high-order explicit Runge-Kutta","included",,"ODEProblem","first-order state; adaptive controller; high-order dense interpolation","missing",,"False","lib/OrdinaryDiffEqHighOrderRK/src/algorithms.jl","62"
"TanYam7","algorithm",,"OrdinaryDiffEqHighOrderRK","high-order explicit Runge-Kutta","included",,"ODEProblem","first-order state; adaptive controller; high-order dense interpolation","missing",,"False","lib/OrdinaryDiffEqHighOrderRK/src/algorithms.jl","8"
"TsitPap8","algorithm",,"OrdinaryDiffEqHighOrderRK","high-order explicit Runge-Kutta","included",,"ODEProblem","first-order state; adaptive controller; high-order dense interpolation","missing",,"False","lib/OrdinaryDiffEqHighOrderRK/src/algorithms.jl","27"
"CNAB2","algorithm",,"OrdinaryDiffEqIMEXMultistep","IMEX multistep","included",,"ODEProblem or SplitODEProblem","split right-hand side; multistep history; implicit linear/nonlinear solve; split explicit/implicit right-hand side","missing",,"False","lib/OrdinaryDiffEqIMEXMultistep/src/algorithms.jl","25"
"CNLF2","algorithm",,"OrdinaryDiffEqIMEXMultistep","IMEX multistep","included",,"ODEProblem or SplitODEProblem","split right-hand side; multistep history; implicit linear/nonlinear solve; split explicit/implicit right-hand side","missing",,"False","lib/OrdinaryDiffEqIMEXMultistep/src/algorithms.jl","73"
"CayleyEuler","algorithm",,"OrdinaryDiffEqLinear","linear and Lie-group methods","included",,"ODEProblem with linear/operator ODEFunction","linear/operator action; matrix functions or Lie-group operations","missing",,"False","lib/OrdinaryDiffEqLinear/src/algorithms.jl","167"
"CG2","algorithm",,"OrdinaryDiffEqLinear","linear and Lie-group methods","included",,"ODEProblem with linear/operator ODEFunction","linear/operator action; matrix functions or Lie-group operations","missing",,"False","lib/OrdinaryDiffEqLinear/src/alg_utils.jl","6"
"CG3","algorithm",,"OrdinaryDiffEqLinear","linear and Lie-group methods","included",,"ODEProblem with linear/operator ODEFunction","linear/operator action; matrix functions or Lie-group operations","missing",,"False","lib/OrdinaryDiffEqLinear/src/alg_utils.jl","5"
"CG4a","algorithm",,"OrdinaryDiffEqLinear","linear and Lie-group methods","included",,"ODEProblem with linear/operator ODEFunction","linear/operator action; matrix functions or Lie-group operations","missing",,"False","lib/OrdinaryDiffEqLinear/src/alg_utils.jl","7"
"LieEuler","algorithm",,"OrdinaryDiffEqLinear","linear and Lie-group methods","included",,"ODEProblem with linear/operator ODEFunction","linear/operator action; matrix functions or Lie-group operations","missing",,"False","lib/OrdinaryDiffEqLinear/src/alg_utils.jl","17"
"LieRK4","algorithm",,"OrdinaryDiffEqLinear","linear and Lie-group methods","included",,"ODEProblem with linear/operator ODEFunction","linear/operator action; matrix functions or Lie-group operations","missing",,"False","lib/OrdinaryDiffEqLinear/src/alg_utils.jl","4"
"LinearExponential","algorithm",,"OrdinaryDiffEqLinear","linear and Lie-group methods","included",,"ODEProblem with linear/operator ODEFunction","linear/operator action; matrix functions or Lie-group operations","missing",,"False","lib/OrdinaryDiffEqLinear/src/algorithms.jl","194"
"MagnusAdapt4","algorithm",,"OrdinaryDiffEqLinear","linear and Lie-group methods","included",,"ODEProblem with linear/operator ODEFunction","linear/operator action; matrix functions or Lie-group operations","missing",,"False","lib/OrdinaryDiffEqLinear/src/algorithms.jl","152"
"MagnusGauss4","algorithm",,"OrdinaryDiffEqLinear","linear and Lie-group methods","included",,"ODEProblem with linear/operator ODEFunction","linear/operator action; matrix functions or Lie-group operations","missing",,"False","lib/OrdinaryDiffEqLinear/src/alg_utils.jl","9"
"MagnusGL4","algorithm",,"OrdinaryDiffEqLinear","linear and Lie-group methods","included",,"ODEProblem with linear/operator ODEFunction","linear/operator action; matrix functions or Lie-group operations","missing",,"False","lib/OrdinaryDiffEqLinear/src/alg_utils.jl","14"
"MagnusGL6","algorithm",,"OrdinaryDiffEqLinear","linear and Lie-group methods","included",,"ODEProblem with linear/operator ODEFunction","linear/operator action; matrix functions or Lie-group operations","missing",,"False","lib/OrdinaryDiffEqLinear/src/alg_utils.jl","11"
"MagnusGL8","algorithm",,"OrdinaryDiffEqLinear","linear and Lie-group methods","included",,"ODEProblem with linear/operator ODEFunction","linear/operator action; matrix functions or Lie-group operations","missing",,"False","lib/OrdinaryDiffEqLinear/src/alg_utils.jl","12"
"MagnusLeapfrog","algorithm",,"OrdinaryDiffEqLinear","linear and Lie-group methods","included",,"ODEProblem with linear/operator ODEFunction","linear/operator action; matrix functions or Lie-group operations","missing",,"False","lib/OrdinaryDiffEqLinear/src/alg_utils.jl","16"
"MagnusMidpoint","algorithm",,"OrdinaryDiffEqLinear","linear and Lie-group methods","included",,"ODEProblem with linear/operator ODEFunction","linear/operator action; matrix functions or Lie-group operations","missing",,"False","lib/OrdinaryDiffEqLinear/src/alg_utils.jl","1"
"MagnusNC6","algorithm",,"OrdinaryDiffEqLinear","linear and Lie-group methods","included",,"ODEProblem with linear/operator ODEFunction","linear/operator action; matrix functions or Lie-group operations","missing",,"False","lib/OrdinaryDiffEqLinear/src/alg_utils.jl","10"
"MagnusNC8","algorithm",,"OrdinaryDiffEqLinear","linear and Lie-group methods","included",,"ODEProblem with linear/operator ODEFunction","linear/operator action; matrix functions or Lie-group operations","missing",,"False","lib/OrdinaryDiffEqLinear/src/alg_utils.jl","13"
"RKMK2","algorithm",,"OrdinaryDiffEqLinear","linear and Lie-group methods","included",,"ODEProblem with linear/operator ODEFunction","linear/operator action; matrix functions or Lie-group operations","missing",,"False","lib/OrdinaryDiffEqLinear/src/alg_utils.jl","2"
"RKMK4","algorithm",,"OrdinaryDiffEqLinear","linear and Lie-group methods","included",,"ODEProblem with linear/operator ODEFunction","linear/operator action; matrix functions or Lie-group operations","missing",,"False","lib/OrdinaryDiffEqLinear/src/alg_utils.jl","3"
"Alshina2","algorithm",,"OrdinaryDiffEqLowOrderRK","low-order explicit Runge-Kutta","included",,"ODEProblem","first-order state; adaptive controller where applicable; method-specific interpolation","implemented-and-julia-tested","Alshina2","True","lib/OrdinaryDiffEqLowOrderRK/src/algorithms.jl","460"
"Alshina3","algorithm",,"OrdinaryDiffEqLowOrderRK","low-order explicit Runge-Kutta","included",,"ODEProblem","first-order state; adaptive controller where applicable; method-specific interpolation","implemented-and-julia-tested","Alshina3","True","lib/OrdinaryDiffEqLowOrderRK/src/algorithms.jl","484"
"Alshina6","algorithm",,"OrdinaryDiffEqLowOrderRK","low-order explicit Runge-Kutta","included",,"ODEProblem","first-order state; adaptive controller where applicable; method-specific interpolation","missing",,"False","lib/OrdinaryDiffEqLowOrderRK/src/algorithms.jl","508"
"Anas5","algorithm",,"OrdinaryDiffEqLowOrderRK","low-order explicit Runge-Kutta","included",,"ODEProblem","first-order state; adaptive controller where applicable; method-specific interpolation","missing",,"False","lib/OrdinaryDiffEqLowOrderRK/src/algorithms.jl","236"
"AutoDP5","composite-constructor",,"OrdinaryDiffEqLowOrderRK","low-order explicit Runge-Kutta","included",,"ODEProblem","first-order state; adaptive controller where applicable; method-specific interpolation","missing",,"False","lib/OrdinaryDiffEqLowOrderRK/src/algorithms.jl","218"
"BS3","algorithm",,"OrdinaryDiffEqLowOrderRK","low-order explicit Runge-Kutta","included",,"ODEProblem","first-order state; adaptive controller where applicable; method-specific interpolation","implemented-and-julia-tested","Bs3","True","lib/OrdinaryDiffEqLowOrderRK/src/algorithms.jl","106"
"BS5","algorithm",,"OrdinaryDiffEqLowOrderRK","low-order explicit Runge-Kutta","included",,"ODEProblem","first-order state; adaptive controller where applicable; method-specific interpolation","implemented-and-julia-tested","Bs5","True","lib/OrdinaryDiffEqLowOrderRK/src/algorithms.jl","191"
"DP5","algorithm",,"OrdinaryDiffEqLowOrderRK","low-order explicit Runge-Kutta","included",,"ODEProblem","first-order state; adaptive controller where applicable; method-specific interpolation","implemented-and-julia-tested","Dp5","True","lib/OrdinaryDiffEqLowOrderRK/src/algorithms.jl","212"
"Euler","algorithm",,"OrdinaryDiffEqLowOrderRK","low-order explicit Runge-Kutta","included",,"ODEProblem","first-order state; adaptive controller where applicable; method-specific interpolation","implemented-and-julia-tested","Euler","True","lib/OrdinaryDiffEqLowOrderRK/src/algorithms.jl","17"
"FRK65","algorithm",,"OrdinaryDiffEqLowOrderRK","low-order explicit Runge-Kutta","included",,"ODEProblem","first-order state; adaptive controller where applicable; method-specific interpolation","missing",,"False","lib/OrdinaryDiffEqLowOrderRK/src/algorithms.jl","270"
"Heun","algorithm",,"OrdinaryDiffEqLowOrderRK","low-order explicit Runge-Kutta","included",,"ODEProblem","first-order state; adaptive controller where applicable; method-specific interpolation","implemented-and-julia-tested","Heun","True","lib/OrdinaryDiffEqLowOrderRK/src/algorithms.jl","37"
"Midpoint","algorithm",,"OrdinaryDiffEqLowOrderRK","low-order explicit Runge-Kutta","included",,"ODEProblem","first-order state; adaptive controller where applicable; method-specific interpolation","implemented-and-julia-tested","Midpoint","True","lib/OrdinaryDiffEqLowOrderRK/src/algorithms.jl","65"
"MSRK5","algorithm",,"OrdinaryDiffEqLowOrderRK","low-order explicit Runge-Kutta","included",,"ODEProblem","first-order state; adaptive controller where applicable; method-specific interpolation","missing",,"False","lib/OrdinaryDiffEqLowOrderRK/src/algorithms.jl","324"
"MSRK6","algorithm",,"OrdinaryDiffEqLowOrderRK","low-order explicit Runge-Kutta","included",,"ODEProblem","first-order state; adaptive controller where applicable; method-specific interpolation","missing",,"False","lib/OrdinaryDiffEqLowOrderRK/src/algorithms.jl","334"
"OwrenZen3","algorithm",,"OrdinaryDiffEqLowOrderRK","low-order explicit Runge-Kutta","included",,"ODEProblem","first-order state; adaptive controller where applicable; method-specific interpolation","implemented-and-julia-tested","OwrenZen3","True","lib/OrdinaryDiffEqLowOrderRK/src/algorithms.jl","126"
"OwrenZen4","algorithm",,"OrdinaryDiffEqLowOrderRK","low-order explicit Runge-Kutta","included",,"ODEProblem","first-order state; adaptive controller where applicable; method-specific interpolation","implemented-and-julia-tested","OwrenZen4","True","lib/OrdinaryDiffEqLowOrderRK/src/algorithms.jl","147"
"OwrenZen5","algorithm",,"OrdinaryDiffEqLowOrderRK","low-order explicit Runge-Kutta","included",,"ODEProblem","first-order state; adaptive controller where applicable; method-specific interpolation","implemented-and-julia-tested","OwrenZen5","True","lib/OrdinaryDiffEqLowOrderRK/src/algorithms.jl","168"
"PSRK3p5q4","algorithm",,"OrdinaryDiffEqLowOrderRK","low-order explicit Runge-Kutta","included",,"ODEProblem","first-order state; adaptive controller where applicable; method-specific interpolation","missing",,"False","lib/OrdinaryDiffEqLowOrderRK/src/algorithms.jl","380"
"PSRK3p6q5","algorithm",,"OrdinaryDiffEqLowOrderRK","low-order explicit Runge-Kutta","included",,"ODEProblem","first-order state; adaptive controller where applicable; method-specific interpolation","missing",,"False","lib/OrdinaryDiffEqLowOrderRK/src/algorithms.jl","400"
"PSRK4p7q6","algorithm",,"OrdinaryDiffEqLowOrderRK","low-order explicit Runge-Kutta","included",,"ODEProblem","first-order state; adaptive controller where applicable; method-specific interpolation","missing",,"False","lib/OrdinaryDiffEqLowOrderRK/src/algorithms.jl","360"
"Ralston","algorithm",,"OrdinaryDiffEqLowOrderRK","low-order explicit Runge-Kutta","included",,"ODEProblem","first-order state; adaptive controller where applicable; method-specific interpolation","implemented-and-julia-tested","Ralston","True","lib/OrdinaryDiffEqLowOrderRK/src/algorithms.jl","51"
"Ralston4","algorithm",,"OrdinaryDiffEqLowOrderRK","low-order explicit Runge-Kutta","included",,"ODEProblem","first-order state; adaptive controller where applicable; method-specific interpolation","implemented-and-julia-tested","Ralston4","True","lib/OrdinaryDiffEqLowOrderRK/src/algorithms.jl","314"
"RK4","algorithm",,"OrdinaryDiffEqLowOrderRK","low-order explicit Runge-Kutta","included",,"ODEProblem","first-order state; adaptive controller where applicable; method-specific interpolation","implemented-and-julia-tested","Rk4","True","lib/OrdinaryDiffEqLowOrderRK/src/algorithms.jl","86"
"RKM","algorithm",,"OrdinaryDiffEqLowOrderRK","low-order explicit Runge-Kutta","included",,"ODEProblem","first-order state; adaptive controller where applicable; method-specific interpolation","implemented-and-julia-tested","Rkm","True","lib/OrdinaryDiffEqLowOrderRK/src/algorithms.jl","295"
"RKO65","algorithm",,"OrdinaryDiffEqLowOrderRK","low-order explicit Runge-Kutta","included",,"ODEProblem","first-order state; adaptive controller where applicable; method-specific interpolation","missing",,"False","lib/OrdinaryDiffEqLowOrderRK/src/algorithms.jl","249"
"SIR54","algorithm",,"OrdinaryDiffEqLowOrderRK","low-order explicit Runge-Kutta","included",,"ODEProblem","first-order state; adaptive controller where applicable; method-specific interpolation","missing",,"False","lib/OrdinaryDiffEqLowOrderRK/src/algorithms.jl","436"
"SplitEuler","algorithm",,"OrdinaryDiffEqLowOrderRK","low-order explicit Runge-Kutta","included",,"ODEProblem or SplitODEProblem","first-order state; adaptive controller where applicable; method-specific interpolation; split explicit/implicit right-hand side","missing",,"False","lib/OrdinaryDiffEqLowOrderRK/src/algorithms.jl","28"
"Stepanov5","algorithm",,"OrdinaryDiffEqLowOrderRK","low-order explicit Runge-Kutta","included",,"ODEProblem","first-order state; adaptive controller where applicable; method-specific interpolation","missing",,"False","lib/OrdinaryDiffEqLowOrderRK/src/algorithms.jl","417"
"CarpenterKennedy2N54","algorithm",,"OrdinaryDiffEqLowStorageRK","low-storage explicit Runge-Kutta","included",,"ODEProblem","first-order state; low-storage workspaces; stage/step limiters","implemented-and-julia-tested","CarpenterKennedy2N54","True","lib/OrdinaryDiffEqLowStorageRK/src/algorithms.jl","56"
"CFRLDDRK64","algorithm",,"OrdinaryDiffEqLowStorageRK","low-storage explicit Runge-Kutta","included",,"ODEProblem","first-order state; low-storage workspaces; stage/step limiters","missing",,"False","lib/OrdinaryDiffEqLowStorageRK/src/algorithms.jl","110"
"CKLLSRK43_2","algorithm",,"OrdinaryDiffEqLowStorageRK","low-storage explicit Runge-Kutta","included",,"ODEProblem","first-order state; low-storage workspaces; stage/step limiters","missing",,"False","lib/OrdinaryDiffEqLowStorageRK/src/algorithms.jl","348"
"CKLLSRK54_3C","algorithm",,"OrdinaryDiffEqLowStorageRK","low-storage explicit Runge-Kutta","included",,"ODEProblem","first-order state; low-storage workspaces; stage/step limiters","missing",,"False","lib/OrdinaryDiffEqLowStorageRK/src/algorithms.jl","369"
"CKLLSRK54_3C_3R","algorithm",,"OrdinaryDiffEqLowStorageRK","low-storage explicit Runge-Kutta","included",,"ODEProblem","first-order state; low-storage workspaces; stage/step limiters","missing",,"False","lib/OrdinaryDiffEqLowStorageRK/src/algorithms.jl","453"
"CKLLSRK54_3M_3R","algorithm",,"OrdinaryDiffEqLowStorageRK","low-storage explicit Runge-Kutta","included",,"ODEProblem","first-order state; low-storage workspaces; stage/step limiters","missing",,"False","lib/OrdinaryDiffEqLowStorageRK/src/algorithms.jl","474"
"CKLLSRK54_3M_4R","algorithm",,"OrdinaryDiffEqLowStorageRK","low-storage explicit Runge-Kutta","included",,"ODEProblem","first-order state; low-storage workspaces; stage/step limiters","missing",,"False","lib/OrdinaryDiffEqLowStorageRK/src/algorithms.jl","600"
"CKLLSRK54_3N_3R","algorithm",,"OrdinaryDiffEqLowStorageRK","low-storage explicit Runge-Kutta","included",,"ODEProblem","first-order state; low-storage workspaces; stage/step limiters","missing",,"False","lib/OrdinaryDiffEqLowStorageRK/src/algorithms.jl","495"
"CKLLSRK54_3N_4R","algorithm",,"OrdinaryDiffEqLowStorageRK","low-storage explicit Runge-Kutta","included",,"ODEProblem","first-order state; low-storage workspaces; stage/step limiters","missing",,"False","lib/OrdinaryDiffEqLowStorageRK/src/algorithms.jl","579"
"CKLLSRK65_4M_4R","algorithm",,"OrdinaryDiffEqLowStorageRK","low-storage explicit Runge-Kutta","included",,"ODEProblem","first-order state; low-storage workspaces; stage/step limiters","missing",,"False","lib/OrdinaryDiffEqLowStorageRK/src/algorithms.jl","620"
"CKLLSRK75_4M_5R","algorithm",,"OrdinaryDiffEqLowStorageRK","low-storage explicit Runge-Kutta","included",,"ODEProblem","first-order state; low-storage workspaces; stage/step limiters","missing",,"False","lib/OrdinaryDiffEqLowStorageRK/src/algorithms.jl","662"
"CKLLSRK85_4C_3R","algorithm",,"OrdinaryDiffEqLowStorageRK","low-storage explicit Runge-Kutta","included",,"ODEProblem","first-order state; low-storage workspaces; stage/step limiters","missing",,"False","lib/OrdinaryDiffEqLowStorageRK/src/algorithms.jl","516"
"CKLLSRK85_4FM_4R","algorithm",,"OrdinaryDiffEqLowStorageRK","low-storage explicit Runge-Kutta","included",,"ODEProblem","first-order state; low-storage workspaces; stage/step limiters","missing",,"False","lib/OrdinaryDiffEqLowStorageRK/src/algorithms.jl","641"
"CKLLSRK85_4M_3R","algorithm",,"OrdinaryDiffEqLowStorageRK","low-storage explicit Runge-Kutta","included",,"ODEProblem","first-order state; low-storage workspaces; stage/step limiters","missing",,"False","lib/OrdinaryDiffEqLowStorageRK/src/algorithms.jl","537"
"CKLLSRK85_4P_3R","algorithm",,"OrdinaryDiffEqLowStorageRK","low-storage explicit Runge-Kutta","included",,"ODEProblem","first-order state; low-storage workspaces; stage/step limiters","missing",,"False","lib/OrdinaryDiffEqLowStorageRK/src/algorithms.jl","558"
"CKLLSRK95_4C","algorithm",,"OrdinaryDiffEqLowStorageRK","low-storage explicit Runge-Kutta","included",,"ODEProblem","first-order state; low-storage workspaces; stage/step limiters","missing",,"False","lib/OrdinaryDiffEqLowStorageRK/src/algorithms.jl","411"
"CKLLSRK95_4M","algorithm",,"OrdinaryDiffEqLowStorageRK","low-storage explicit Runge-Kutta","included",,"ODEProblem","first-order state; low-storage workspaces; stage/step limiters","missing",,"False","lib/OrdinaryDiffEqLowStorageRK/src/algorithms.jl","432"
"CKLLSRK95_4S","algorithm",,"OrdinaryDiffEqLowStorageRK","low-storage explicit Runge-Kutta","included",,"ODEProblem","first-order state; low-storage workspaces; stage/step limiters","missing",,"False","lib/OrdinaryDiffEqLowStorageRK/src/algorithms.jl","390"
"DGLDDRK73_C","algorithm",,"OrdinaryDiffEqLowStorageRK","low-storage explicit Runge-Kutta","included",,"ODEProblem","first-order state; low-storage workspaces; stage/step limiters","implemented-and-julia-tested","Dglddrk73C","True","lib/OrdinaryDiffEqLowStorageRK/src/algorithms.jl","35"
"DGLDDRK84_C","algorithm",,"OrdinaryDiffEqLowStorageRK","low-storage explicit Runge-Kutta","included",,"ODEProblem","first-order state; low-storage workspaces; stage/step limiters","implemented-and-julia-tested","Dglddrk84C","True","lib/OrdinaryDiffEqLowStorageRK/src/algorithms.jl","146"
"DGLDDRK84_F","algorithm",,"OrdinaryDiffEqLowStorageRK","low-storage explicit Runge-Kutta","included",,"ODEProblem","first-order state; low-storage workspaces; stage/step limiters","implemented-and-julia-tested","Dglddrk84F","True","lib/OrdinaryDiffEqLowStorageRK/src/algorithms.jl","168"
"NDBLSRK124","algorithm",,"OrdinaryDiffEqLowStorageRK","low-storage explicit Runge-Kutta","included",,"ODEProblem","first-order state; low-storage workspaces; stage/step limiters","implemented-and-julia-tested","Ndblsrk124","True","lib/OrdinaryDiffEqLowStorageRK/src/algorithms.jl","76"
"NDBLSRK134","algorithm",,"OrdinaryDiffEqLowStorageRK","low-storage explicit Runge-Kutta","included",,"ODEProblem","first-order state; low-storage workspaces; stage/step limiters","implemented-and-julia-tested","Ndblsrk134","True","lib/OrdinaryDiffEqLowStorageRK/src/algorithms.jl","782"
"NDBLSRK144","algorithm",,"OrdinaryDiffEqLowStorageRK","low-storage explicit Runge-Kutta","included",,"ODEProblem","first-order state; low-storage workspaces; stage/step limiters","implemented-and-julia-tested","Ndblsrk144","True","lib/OrdinaryDiffEqLowStorageRK/src/algorithms.jl","95"
"ORK256","algorithm",,"OrdinaryDiffEqLowStorageRK","low-storage explicit Runge-Kutta","included",,"ODEProblem","first-order state; low-storage workspaces; stage/step limiters","implemented-and-julia-tested","Ork256","True","lib/OrdinaryDiffEqLowStorageRK/src/algorithms.jl","13"
"ParsaniKetchesonDeconinck3S105","algorithm",,"OrdinaryDiffEqLowStorageRK","low-storage explicit Runge-Kutta","included",,"ODEProblem","first-order state; low-storage workspaces; stage/step limiters","missing",,"False","lib/OrdinaryDiffEqLowStorageRK/src/algorithms.jl","311"
"ParsaniKetchesonDeconinck3S173","algorithm",,"OrdinaryDiffEqLowStorageRK","low-storage explicit Runge-Kutta","included",,"ODEProblem","first-order state; low-storage workspaces; stage/step limiters","missing",,"False","lib/OrdinaryDiffEqLowStorageRK/src/algorithms.jl","263"
"ParsaniKetchesonDeconinck3S184","algorithm",,"OrdinaryDiffEqLowStorageRK","low-storage explicit Runge-Kutta","included",,"ODEProblem","first-order state; low-storage workspaces; stage/step limiters","missing",,"False","lib/OrdinaryDiffEqLowStorageRK/src/algorithms.jl","295"
"ParsaniKetchesonDeconinck3S205","algorithm",,"OrdinaryDiffEqLowStorageRK","low-storage explicit Runge-Kutta","included",,"ODEProblem","first-order state; low-storage workspaces; stage/step limiters","missing",,"False","lib/OrdinaryDiffEqLowStorageRK/src/algorithms.jl","327"
"ParsaniKetchesonDeconinck3S32","algorithm",,"OrdinaryDiffEqLowStorageRK","low-storage explicit Runge-Kutta","included",,"ODEProblem","first-order state; low-storage workspaces; stage/step limiters","missing",,"False","lib/OrdinaryDiffEqLowStorageRK/src/algorithms.jl","215"
"ParsaniKetchesonDeconinck3S53","algorithm",,"OrdinaryDiffEqLowStorageRK","low-storage explicit Runge-Kutta","included",,"ODEProblem","first-order state; low-storage workspaces; stage/step limiters","missing",,"False","lib/OrdinaryDiffEqLowStorageRK/src/algorithms.jl","247"
"ParsaniKetchesonDeconinck3S82","algorithm",,"OrdinaryDiffEqLowStorageRK","low-storage explicit Runge-Kutta","included",,"ODEProblem","first-order state; low-storage workspaces; stage/step limiters","missing",,"False","lib/OrdinaryDiffEqLowStorageRK/src/algorithms.jl","231"
"ParsaniKetchesonDeconinck3S94","algorithm",,"OrdinaryDiffEqLowStorageRK","low-storage explicit Runge-Kutta","included",,"ODEProblem","first-order state; low-storage workspaces; stage/step limiters","missing",,"False","lib/OrdinaryDiffEqLowStorageRK/src/algorithms.jl","279"
"RDPK3Sp35","algorithm",,"OrdinaryDiffEqLowStorageRK","low-storage explicit Runge-Kutta","included",,"ODEProblem","first-order state; low-storage workspaces; stage/step limiters","missing",,"False","lib/OrdinaryDiffEqLowStorageRK/src/algorithms.jl","678"
"RDPK3Sp49","algorithm",,"OrdinaryDiffEqLowStorageRK","low-storage explicit Runge-Kutta","included",,"ODEProblem","first-order state; low-storage workspaces; stage/step limiters","missing",,"False","lib/OrdinaryDiffEqLowStorageRK/src/algorithms.jl","711"
"RDPK3Sp510","algorithm",,"OrdinaryDiffEqLowStorageRK","low-storage explicit Runge-Kutta","included",,"ODEProblem","first-order state; low-storage workspaces; stage/step limiters","missing",,"False","lib/OrdinaryDiffEqLowStorageRK/src/algorithms.jl","744"
"RDPK3SpFSAL35","algorithm",,"OrdinaryDiffEqLowStorageRK","low-storage explicit Runge-Kutta","included",,"ODEProblem","first-order state; low-storage workspaces; stage/step limiters","missing",,"False","lib/OrdinaryDiffEqLowStorageRK/src/algorithms.jl","695"
"RDPK3SpFSAL49","algorithm",,"OrdinaryDiffEqLowStorageRK","low-storage explicit Runge-Kutta","included",,"ODEProblem","first-order state; low-storage workspaces; stage/step limiters","missing",,"False","lib/OrdinaryDiffEqLowStorageRK/src/algorithms.jl","728"
"RDPK3SpFSAL510","algorithm",,"OrdinaryDiffEqLowStorageRK","low-storage explicit Runge-Kutta","included",,"ODEProblem","first-order state; low-storage workspaces; stage/step limiters","missing",,"False","lib/OrdinaryDiffEqLowStorageRK/src/algorithms.jl","761"
"RK46NL","algorithm",,"OrdinaryDiffEqLowStorageRK","low-storage explicit Runge-Kutta","included",,"ODEProblem","first-order state; low-storage workspaces; stage/step limiters","missing",,"False","lib/OrdinaryDiffEqLowStorageRK/src/algorithms.jl","200"
"SHLDDRK_2N","algorithm",,"OrdinaryDiffEqLowStorageRK","low-storage explicit Runge-Kutta","included",,"ODEProblem","first-order state; low-storage workspaces; stage/step limiters","missing",,"False","lib/OrdinaryDiffEqLowStorageRK/src/algorithms.jl","802"
"SHLDDRK52","algorithm",,"OrdinaryDiffEqLowStorageRK","low-storage explicit Runge-Kutta","included",,"ODEProblem","first-order state; low-storage workspaces; stage/step limiters","missing",,"False","lib/OrdinaryDiffEqLowStorageRK/src/algorithms.jl","821"
"SHLDDRK64","algorithm",,"OrdinaryDiffEqLowStorageRK","low-storage explicit Runge-Kutta","included",,"ODEProblem","first-order state; low-storage workspaces; stage/step limiters","implemented-and-julia-tested","Shlddrk64","True","lib/OrdinaryDiffEqLowStorageRK/src/algorithms.jl","188"
"TSLDDRK74","algorithm",,"OrdinaryDiffEqLowStorageRK","low-storage explicit Runge-Kutta","included",,"ODEProblem","first-order state; low-storage workspaces; stage/step limiters","missing",,"False","lib/OrdinaryDiffEqLowStorageRK/src/algorithms.jl","125"
"MIS","algorithm",,"OrdinaryDiffEqMultirate","multirate and MRI-GARK","included",,"SplitODEProblem","split/partitioned right-hand side; nested fast integrator; multirate controller","missing",,"False","lib/OrdinaryDiffEqMultirate/src/algorithms.jl","301"
"MRAB","algorithm",,"OrdinaryDiffEqMultirate","multirate and MRI-GARK","included",,"SplitODEProblem","split/partitioned right-hand side; nested fast integrator; multirate controller","missing",,"False","lib/OrdinaryDiffEqMultirate/src/algorithms.jl","62"
"MREEF","algorithm",,"OrdinaryDiffEqMultirate","multirate and MRI-GARK","included",,"SplitODEProblem","split/partitioned right-hand side; nested fast integrator; multirate controller","missing",,"False","lib/OrdinaryDiffEqMultirate/src/algorithms.jl","26"
"MRIGARKERK22a","algorithm",,"OrdinaryDiffEqMultirate","multirate and MRI-GARK","included",,"SplitODEProblem","split/partitioned right-hand side; nested fast integrator; multirate controller","missing",,"False","lib/OrdinaryDiffEqMultirate/src/algorithms.jl","92"
"MRIGARKERK22b","algorithm",,"OrdinaryDiffEqMultirate","multirate and MRI-GARK","included",,"SplitODEProblem","split/partitioned right-hand side; nested fast integrator; multirate controller","missing",,"False","lib/OrdinaryDiffEqMultirate/src/algorithms.jl","121"
"MRIGARKERK33a","algorithm",,"OrdinaryDiffEqMultirate","multirate and MRI-GARK","included",,"SplitODEProblem","split/partitioned right-hand side; nested fast integrator; multirate controller","missing",,"False","lib/OrdinaryDiffEqMultirate/src/algorithms.jl","150"
"MRIGARKERK45a","algorithm",,"OrdinaryDiffEqMultirate","multirate and MRI-GARK","included",,"SplitODEProblem","split/partitioned right-hand side; nested fast integrator; multirate controller","missing",,"False","lib/OrdinaryDiffEqMultirate/src/algorithms.jl","179"
"MRIGARKESDIRK34a","algorithm",,"OrdinaryDiffEqMultirate","multirate and MRI-GARK","included",,"SplitODEProblem","split/partitioned right-hand side; nested fast integrator; multirate controller","missing",,"False","lib/OrdinaryDiffEqMultirate/src/algorithms.jl","254"
"MRIGARKIRK21a","algorithm",,"OrdinaryDiffEqMultirate","multirate and MRI-GARK","included",,"SplitODEProblem","split/partitioned right-hand side; nested fast integrator; multirate controller","missing",,"False","lib/OrdinaryDiffEqMultirate/src/algorithms.jl","210"
"GeneralizedAlpha","algorithm",,"OrdinaryDiffEqNewmark","second-order structural dynamics","included",,"SecondOrderODEProblem","second-order state; mass matrix; nonlinear solve","missing",,"False","lib/OrdinaryDiffEqNewmark/src/algorithms.jl","110"
"NewmarkBeta","algorithm",,"OrdinaryDiffEqNewmark","second-order structural dynamics","included",,"SecondOrderODEProblem","second-order state; mass matrix; nonlinear solve","missing",,"False","lib/OrdinaryDiffEqNewmark/src/algorithms.jl","18"
"AN5","algorithm",,"OrdinaryDiffEqNordsieck","Nordsieck variable-order multistep","included",,"ODEProblem","Nordsieck history; variable order/step controller; nonlinear solve for BDF variant","missing",,"False","lib/OrdinaryDiffEqNordsieck/src/algorithms.jl","13"
"JVODE","algorithm",,"OrdinaryDiffEqNordsieck","Nordsieck variable-order multistep","included",,"ODEProblem","Nordsieck history; variable order/step controller; nonlinear solve for BDF variant","missing",,"False","lib/OrdinaryDiffEqNordsieck/src/algorithms.jl","19"
"JVODE_Adams","algorithm",,"OrdinaryDiffEqNordsieck","Nordsieck variable-order multistep","included",,"ODEProblem","Nordsieck history; variable order/step controller; nonlinear solve for BDF variant","missing",,"False","lib/OrdinaryDiffEqNordsieck/src/algorithms.jl","42"
"JVODE_BDF","algorithm",,"OrdinaryDiffEqNordsieck","Nordsieck variable-order multistep","included",,"ODEProblem","Nordsieck history; variable order/step controller; nonlinear solve for BDF variant","missing",,"False","lib/OrdinaryDiffEqNordsieck/src/algorithms.jl","48"
"PDIRK44","algorithm",,"OrdinaryDiffEqPDIRK","parallel diagonally implicit Runge-Kutta","included",,"ODEProblem","parallel implicit stages; nonlinear solve; Jacobian and linear solve","missing",,"False","lib/OrdinaryDiffEqPDIRK/src/algorithms.jl","25"
"KuttaPRK2p5","algorithm",,"OrdinaryDiffEqPRK","parallel explicit Runge-Kutta","included",,"ODEProblem","first-order state; parallel stages; adaptive controller","missing",,"False","lib/OrdinaryDiffEqPRK/src/algorithms.jl","17"
"QPRK98","algorithm",,"OrdinaryDiffEqQPRK","QPRK explicit Runge-Kutta","included",,"ODEProblem","first-order state; parallel stages; adaptive controller","missing",,"False","lib/OrdinaryDiffEqQPRK/src/algorithms.jl","7"
"RKIP","algorithm",,"OrdinaryDiffEqRKIP","Runge-Kutta interval prediction","included",,"ODEProblem","first-order state; interval prediction; adaptive controller","missing",,"False","lib/OrdinaryDiffEqRKIP/src/algorithms.jl","73"
"DPRKN12","algorithm",,"OrdinaryDiffEqRKN","Runge-Kutta-Nystrom","included",,"SecondOrderODEProblem or DynamicalODEProblem","second-order/partitioned state; velocity-dependence handling; dense interpolation","missing",,"False","lib/OrdinaryDiffEqRKN/src/algorithms.jl","195"
"DPRKN4","algorithm",,"OrdinaryDiffEqRKN","Runge-Kutta-Nystrom","included",,"SecondOrderODEProblem or DynamicalODEProblem","second-order/partitioned state; velocity-dependence handling; dense interpolation","missing",,"False","lib/OrdinaryDiffEqRKN/src/algorithms.jl","109"
"DPRKN5","algorithm",,"OrdinaryDiffEqRKN","Runge-Kutta-Nystrom","included",,"SecondOrderODEProblem or DynamicalODEProblem","second-order/partitioned state; velocity-dependence handling; dense interpolation","missing",,"False","lib/OrdinaryDiffEqRKN/src/algorithms.jl","125"
"DPRKN6","algorithm",,"OrdinaryDiffEqRKN","Runge-Kutta-Nystrom","included",,"SecondOrderODEProblem or DynamicalODEProblem","second-order/partitioned state; velocity-dependence handling; dense interpolation","missing",,"False","lib/OrdinaryDiffEqRKN/src/algorithms.jl","140"
"DPRKN6FM","algorithm",,"OrdinaryDiffEqRKN","Runge-Kutta-Nystrom","included",,"SecondOrderODEProblem or DynamicalODEProblem","second-order/partitioned state; velocity-dependence handling; dense interpolation","missing",,"False","lib/OrdinaryDiffEqRKN/src/algorithms.jl","157"
"DPRKN8","algorithm",,"OrdinaryDiffEqRKN","Runge-Kutta-Nystrom","included",,"SecondOrderODEProblem or DynamicalODEProblem","second-order/partitioned state; velocity-dependence handling; dense interpolation","missing",,"False","lib/OrdinaryDiffEqRKN/src/algorithms.jl","177"
"ERKN4","algorithm",,"OrdinaryDiffEqRKN","Runge-Kutta-Nystrom","included",,"SecondOrderODEProblem or DynamicalODEProblem","second-order/partitioned state; velocity-dependence handling; dense interpolation","missing",,"False","lib/OrdinaryDiffEqRKN/src/algorithms.jl","213"
"ERKN5","algorithm",,"OrdinaryDiffEqRKN","Runge-Kutta-Nystrom","included",,"SecondOrderODEProblem or DynamicalODEProblem","second-order/partitioned state; velocity-dependence handling; dense interpolation","missing",,"False","lib/OrdinaryDiffEqRKN/src/algorithms.jl","232"
"ERKN7","algorithm",,"OrdinaryDiffEqRKN","Runge-Kutta-Nystrom","included",,"SecondOrderODEProblem or DynamicalODEProblem","second-order/partitioned state; velocity-dependence handling; dense interpolation","missing",,"False","lib/OrdinaryDiffEqRKN/src/algorithms.jl","248"
"FineRKN4","algorithm",,"OrdinaryDiffEqRKN","Runge-Kutta-Nystrom","included",,"SecondOrderODEProblem or DynamicalODEProblem","second-order/partitioned state; velocity-dependence handling; dense interpolation","missing",,"False","lib/OrdinaryDiffEqRKN/src/algorithms.jl","38"
"FineRKN5","algorithm",,"OrdinaryDiffEqRKN","Runge-Kutta-Nystrom","included",,"SecondOrderODEProblem or DynamicalODEProblem","second-order/partitioned state; velocity-dependence handling; dense interpolation","missing",,"False","lib/OrdinaryDiffEqRKN/src/algorithms.jl","55"
"IRKN3","algorithm",,"OrdinaryDiffEqRKN","Runge-Kutta-Nystrom","included",,"SecondOrderODEProblem or DynamicalODEProblem","second-order/partitioned state; velocity-dependence handling; dense interpolation","missing",,"False","lib/OrdinaryDiffEqRKN/src/algorithms.jl","11"
"IRKN4","algorithm",,"OrdinaryDiffEqRKN","Runge-Kutta-Nystrom","included",,"SecondOrderODEProblem or DynamicalODEProblem","second-order/partitioned state; velocity-dependence handling; dense interpolation","missing",,"False","lib/OrdinaryDiffEqRKN/src/algorithms.jl","82"
"Nystrom4","algorithm",,"OrdinaryDiffEqRKN","Runge-Kutta-Nystrom","included",,"SecondOrderODEProblem or DynamicalODEProblem","second-order/partitioned state; velocity-dependence handling; dense interpolation","missing",,"False","lib/OrdinaryDiffEqRKN/src/algorithms.jl","21"
"Nystrom4VelocityIndependent","algorithm",,"OrdinaryDiffEqRKN","Runge-Kutta-Nystrom","included",,"SecondOrderODEProblem or DynamicalODEProblem","second-order/partitioned state; velocity-dependence handling; dense interpolation","missing",,"False","lib/OrdinaryDiffEqRKN/src/algorithms.jl","67"
"Nystrom5VelocityIndependent","algorithm",,"OrdinaryDiffEqRKN","Runge-Kutta-Nystrom","included",,"SecondOrderODEProblem or DynamicalODEProblem","second-order/partitioned state; velocity-dependence handling; dense interpolation","missing",,"False","lib/OrdinaryDiffEqRKN/src/algorithms.jl","94"
"RKN4","algorithm",,"OrdinaryDiffEqRKN","Runge-Kutta-Nystrom","included",,"SecondOrderODEProblem or DynamicalODEProblem","second-order/partitioned state; velocity-dependence handling; dense interpolation","missing",,"False","lib/OrdinaryDiffEqRKN/src/algorithms.jl","266"
"GRK4A","algorithm",,"OrdinaryDiffEqRosenbrock","Rosenbrock and Rosenbrock-W","included",,"ODEProblem","Jacobian and time derivative; linear solve; adaptive controller","missing",,"False","lib/OrdinaryDiffEqRosenbrock/src/alg_utils.jl","26"
"GRK4T","algorithm",,"OrdinaryDiffEqRosenbrock","Rosenbrock and Rosenbrock-W","included",,"ODEProblem","Jacobian and time derivative; linear solve; adaptive controller","missing",,"False","lib/OrdinaryDiffEqRosenbrock/src/alg_utils.jl","25"
"HybridExplicitImplicitRK","algorithm",,"OrdinaryDiffEqRosenbrock","Rosenbrock and Rosenbrock-W","included",,"ODEProblem","Jacobian and time derivative; linear solve; adaptive controller","missing",,"False","lib/OrdinaryDiffEqRosenbrock/src/algorithms.jl","393"
"Rodas23W","algorithm",,"OrdinaryDiffEqRosenbrock","Rosenbrock and Rosenbrock-W","included",,"ODEProblem","Jacobian and time derivative; linear solve; adaptive controller","missing",,"False","lib/OrdinaryDiffEqRosenbrock/src/alg_utils.jl","10"
"Rodas3","algorithm",,"OrdinaryDiffEqRosenbrock","Rosenbrock and Rosenbrock-W","included",,"ODEProblem","Jacobian and time derivative; linear solve; adaptive controller","missing",,"False","lib/OrdinaryDiffEqRosenbrock/src/alg_utils.jl","8"
"Rodas3d","algorithm",,"OrdinaryDiffEqRosenbrock","Rosenbrock and Rosenbrock-W","included",,"ODEProblem","Jacobian and time derivative; linear solve; adaptive controller","missing",,"False","lib/OrdinaryDiffEqRosenbrock/src/alg_utils.jl","9"
"Rodas3P","algorithm",,"OrdinaryDiffEqRosenbrock","Rosenbrock and Rosenbrock-W","included",,"ODEProblem","Jacobian and time derivative; linear solve; adaptive controller","missing",,"False","lib/OrdinaryDiffEqRosenbrock/src/alg_utils.jl","3"
"Rodas4","algorithm",,"OrdinaryDiffEqRosenbrock","Rosenbrock and Rosenbrock-W","included",,"ODEProblem","Jacobian and time derivative; linear solve; adaptive controller","implemented-and-julia-tested","Rodas4","True","lib/OrdinaryDiffEqRosenbrock/src/alg_utils.jl","29"
"Rodas42","algorithm",,"OrdinaryDiffEqRosenbrock","Rosenbrock and Rosenbrock-W","included",,"ODEProblem","Jacobian and time derivative; linear solve; adaptive controller","missing",,"False","lib/OrdinaryDiffEqRosenbrock/src/alg_utils.jl","30"
"Rodas4P","algorithm",,"OrdinaryDiffEqRosenbrock","Rosenbrock and Rosenbrock-W","included",,"ODEProblem","Jacobian and time derivative; linear solve; adaptive controller","missing",,"False","lib/OrdinaryDiffEqRosenbrock/src/alg_utils.jl","31"
"Rodas4P2","algorithm",,"OrdinaryDiffEqRosenbrock","Rosenbrock and Rosenbrock-W","included",,"ODEProblem","Jacobian and time derivative; linear solve; adaptive controller","missing",,"False","lib/OrdinaryDiffEqRosenbrock/src/alg_utils.jl","32"
"Rodas4PW","algorithm",,"OrdinaryDiffEqRosenbrock","Rosenbrock and Rosenbrock-W","included",,"ODEProblem","Jacobian and time derivative; linear solve; adaptive controller","missing",,"False","lib/OrdinaryDiffEqRosenbrock/src/alg_utils.jl","33"
"Rodas5","algorithm",,"OrdinaryDiffEqRosenbrock","Rosenbrock and Rosenbrock-W","included",,"ODEProblem","Jacobian and time derivative; linear solve; adaptive controller","missing",,"False","lib/OrdinaryDiffEqRosenbrock/src/alg_utils.jl","34"
"Rodas5P","algorithm",,"OrdinaryDiffEqRosenbrock","Rosenbrock and Rosenbrock-W","included",,"ODEProblem","Jacobian and time derivative; linear solve; adaptive controller","implemented-and-julia-tested","Rodas5P","True","lib/OrdinaryDiffEqRosenbrock/src/alg_utils.jl","35"
"Rodas5Pe","algorithm",,"OrdinaryDiffEqRosenbrock","Rosenbrock and Rosenbrock-W","included",,"ODEProblem","Jacobian and time derivative; linear solve; adaptive controller","missing",,"False","lib/OrdinaryDiffEqRosenbrock/src/alg_utils.jl","37"
"Rodas5Pr","algorithm",,"OrdinaryDiffEqRosenbrock","Rosenbrock and Rosenbrock-W","included",,"ODEProblem","Jacobian and time derivative; linear solve; adaptive controller","missing",,"False","lib/OrdinaryDiffEqRosenbrock/src/alg_utils.jl","36"
"Rodas6P","algorithm",,"OrdinaryDiffEqRosenbrock","Rosenbrock and Rosenbrock-W","included",,"ODEProblem","Jacobian and time derivative; linear solve; adaptive controller","missing",,"False","lib/OrdinaryDiffEqRosenbrock/src/alg_utils.jl","38"
"ROK4a","algorithm",,"OrdinaryDiffEqRosenbrock","Rosenbrock and Rosenbrock-W","included",,"ODEProblem","Jacobian and time derivative; linear solve; adaptive controller","missing",,"False","lib/OrdinaryDiffEqRosenbrock/src/alg_utils.jl","21"
"ROS2","algorithm",,"OrdinaryDiffEqRosenbrock","Rosenbrock and Rosenbrock-W","included",,"ODEProblem","Jacobian and time derivative; linear solve; adaptive controller","missing",,"False","lib/OrdinaryDiffEqRosenbrock/src/alg_utils.jl","11"
"ROS2PR","algorithm",,"OrdinaryDiffEqRosenbrock","Rosenbrock and Rosenbrock-W","included",,"ODEProblem","Jacobian and time derivative; linear solve; adaptive controller","missing",,"False","lib/OrdinaryDiffEqRosenbrock/src/alg_utils.jl","12"
"ROS2S","algorithm",,"OrdinaryDiffEqRosenbrock","Rosenbrock and Rosenbrock-W","included",,"ODEProblem","Jacobian and time derivative; linear solve; adaptive controller","missing",,"False","lib/OrdinaryDiffEqRosenbrock/src/alg_utils.jl","13"
"ROS3","algorithm",,"OrdinaryDiffEqRosenbrock","Rosenbrock and Rosenbrock-W","included",,"ODEProblem","Jacobian and time derivative; linear solve; adaptive controller","missing",,"False","lib/OrdinaryDiffEqRosenbrock/src/alg_utils.jl","14"
"ROS34PRw","algorithm",,"OrdinaryDiffEqRosenbrock","Rosenbrock and Rosenbrock-W","included",,"ODEProblem","Jacobian and time derivative; linear solve; adaptive controller","missing",,"False","lib/OrdinaryDiffEqRosenbrock/src/alg_utils.jl","20"
"ROS34PW1a","algorithm",,"OrdinaryDiffEqRosenbrock","Rosenbrock and Rosenbrock-W","included",,"ODEProblem","Jacobian and time derivative; linear solve; adaptive controller","missing",,"False","lib/OrdinaryDiffEqRosenbrock/src/alg_utils.jl","16"
"ROS34PW1b","algorithm",,"OrdinaryDiffEqRosenbrock","Rosenbrock and Rosenbrock-W","included",,"ODEProblem","Jacobian and time derivative; linear solve; adaptive controller","missing",,"False","lib/OrdinaryDiffEqRosenbrock/src/alg_utils.jl","17"
"ROS34PW2","algorithm",,"OrdinaryDiffEqRosenbrock","Rosenbrock and Rosenbrock-W","included",,"ODEProblem","Jacobian and time derivative; linear solve; adaptive controller","missing",,"False","lib/OrdinaryDiffEqRosenbrock/src/alg_utils.jl","18"
"ROS34PW3","algorithm",,"OrdinaryDiffEqRosenbrock","Rosenbrock and Rosenbrock-W","included",,"ODEProblem","Jacobian and time derivative; linear solve; adaptive controller","missing",,"False","lib/OrdinaryDiffEqRosenbrock/src/alg_utils.jl","19"
"ROS3P","algorithm",,"OrdinaryDiffEqRosenbrock","Rosenbrock and Rosenbrock-W","included",,"ODEProblem","Jacobian and time derivative; linear solve; adaptive controller","missing",,"False","lib/OrdinaryDiffEqRosenbrock/src/alg_utils.jl","7"
"ROS3PR","algorithm",,"OrdinaryDiffEqRosenbrock","Rosenbrock and Rosenbrock-W","included",,"ODEProblem","Jacobian and time derivative; linear solve; adaptive controller","missing",,"False","lib/OrdinaryDiffEqRosenbrock/src/alg_utils.jl","4"
"ROS3PRL","algorithm",,"OrdinaryDiffEqRosenbrock","Rosenbrock and Rosenbrock-W","included",,"ODEProblem","Jacobian and time derivative; linear solve; adaptive controller","missing",,"False","lib/OrdinaryDiffEqRosenbrock/src/alg_utils.jl","5"
"ROS3PRL2","algorithm",,"OrdinaryDiffEqRosenbrock","Rosenbrock and Rosenbrock-W","included",,"ODEProblem","Jacobian and time derivative; linear solve; adaptive controller","missing",,"False","lib/OrdinaryDiffEqRosenbrock/src/alg_utils.jl","6"
"Ros4LStab","algorithm",,"OrdinaryDiffEqRosenbrock","Rosenbrock and Rosenbrock-W","included",,"ODEProblem","Jacobian and time derivative; linear solve; adaptive controller","missing",,"False","lib/OrdinaryDiffEqRosenbrock/src/alg_utils.jl","27"
"Rosenbrock23","algorithm",,"OrdinaryDiffEqRosenbrock","Rosenbrock and Rosenbrock-W","included",,"ODEProblem","Jacobian and time derivative; linear solve; adaptive controller","implemented-and-julia-tested","Rosenbrock23","True","lib/OrdinaryDiffEqRosenbrock/src/alg_utils.jl","1"
"Rosenbrock32","algorithm",,"OrdinaryDiffEqRosenbrock","Rosenbrock and Rosenbrock-W","included",,"ODEProblem","Jacobian and time derivative; linear solve; adaptive controller","implemented-and-julia-tested","Rosenbrock32","True","lib/OrdinaryDiffEqRosenbrock/src/alg_utils.jl","2"
"RosenbrockW6S4OS","algorithm",,"OrdinaryDiffEqRosenbrock","Rosenbrock and Rosenbrock-W","included",,"ODEProblem","Jacobian and time derivative; linear solve; adaptive controller","missing",,"False","lib/OrdinaryDiffEqRosenbrock/src/algorithms.jl","163"
"RosShamp4","algorithm",,"OrdinaryDiffEqRosenbrock","Rosenbrock and Rosenbrock-W","included",,"ODEProblem","Jacobian and time derivative; linear solve; adaptive controller","missing",,"False","lib/OrdinaryDiffEqRosenbrock/src/alg_utils.jl","22"
"Scholz4_7","algorithm",,"OrdinaryDiffEqRosenbrock","Rosenbrock and Rosenbrock-W","included",,"ODEProblem","Jacobian and time derivative; linear solve; adaptive controller","missing",,"False","lib/OrdinaryDiffEqRosenbrock/src/alg_utils.jl","15"
"Tsit5DA","algorithm",,"OrdinaryDiffEqRosenbrock","Rosenbrock and Rosenbrock-W","included",,"ODEProblem","Jacobian and time derivative; linear solve; adaptive controller","missing",,"False","lib/OrdinaryDiffEqRosenbrock/src/algorithms.jl","454"
"Veldd4","algorithm",,"OrdinaryDiffEqRosenbrock","Rosenbrock and Rosenbrock-W","included",,"ODEProblem","Jacobian and time derivative; linear solve; adaptive controller","missing",,"False","lib/OrdinaryDiffEqRosenbrock/src/alg_utils.jl","23"
"Velds4","algorithm",,"OrdinaryDiffEqRosenbrock","Rosenbrock and Rosenbrock-W","included",,"ODEProblem","Jacobian and time derivative; linear solve; adaptive controller","missing",,"False","lib/OrdinaryDiffEqRosenbrock/src/alg_utils.jl","24"
"ARS222","algorithm",,"OrdinaryDiffEqSDIRK","SDIRK, ESDIRK, and additive IMEX RK","included",,"ODEProblem or SplitODEProblem","nonlinear solve; Jacobian and linear solve; adaptive controller; split explicit/implicit right-hand side","missing",,"False","lib/OrdinaryDiffEqSDIRK/src/algorithms.jl","1541"
"ARS232","algorithm",,"OrdinaryDiffEqSDIRK","SDIRK, ESDIRK, and additive IMEX RK","included",,"ODEProblem or SplitODEProblem","nonlinear solve; Jacobian and linear solve; adaptive controller; split explicit/implicit right-hand side","missing",,"False","lib/OrdinaryDiffEqSDIRK/src/algorithms.jl","1591"
"ARS343","algorithm",,"OrdinaryDiffEqSDIRK","SDIRK, ESDIRK, and additive IMEX RK","included",,"ODEProblem or SplitODEProblem","nonlinear solve; Jacobian and linear solve; adaptive controller; split explicit/implicit right-hand side","missing",,"False","lib/OrdinaryDiffEqSDIRK/src/algorithms.jl","1491"
"ARS443","algorithm",,"OrdinaryDiffEqSDIRK","SDIRK, ESDIRK, and additive IMEX RK","included",,"ODEProblem or SplitODEProblem","nonlinear solve; Jacobian and linear solve; adaptive controller; split explicit/implicit right-hand side","missing",,"False","lib/OrdinaryDiffEqSDIRK/src/algorithms.jl","1641"
"BHR553","algorithm",,"OrdinaryDiffEqSDIRK","SDIRK, ESDIRK, and additive IMEX RK","included",,"ODEProblem or SplitODEProblem","nonlinear solve; Jacobian and linear solve; adaptive controller; split explicit/implicit right-hand side","missing",,"False","lib/OrdinaryDiffEqSDIRK/src/algorithms.jl","1766"
"Cash4","algorithm",,"OrdinaryDiffEqSDIRK","SDIRK, ESDIRK, and additive IMEX RK","included",,"ODEProblem","nonlinear solve; Jacobian and linear solve; adaptive controller","missing",,"False","lib/OrdinaryDiffEqSDIRK/src/algorithms.jl","550"
"CFNLIRK3","algorithm",,"OrdinaryDiffEqSDIRK","SDIRK, ESDIRK, and additive IMEX RK","included",,"ODEProblem","nonlinear solve; Jacobian and linear solve; adaptive controller","missing",,"False","lib/OrdinaryDiffEqSDIRK/src/algorithms.jl","500"
"ESDIRK325L2SA","algorithm",,"OrdinaryDiffEqSDIRK","SDIRK, ESDIRK, and additive IMEX RK","included",,"ODEProblem","nonlinear solve; Jacobian and linear solve; adaptive controller","missing",,"False","lib/OrdinaryDiffEqSDIRK/src/algorithms.jl","1298"
"ESDIRK436L2SA2","algorithm",,"OrdinaryDiffEqSDIRK","SDIRK, ESDIRK, and additive IMEX RK","included",,"ODEProblem","nonlinear solve; Jacobian and linear solve; adaptive controller","missing",,"False","lib/OrdinaryDiffEqSDIRK/src/algorithms.jl","1252"
"ESDIRK437L2SA","algorithm",,"OrdinaryDiffEqSDIRK","SDIRK, ESDIRK, and additive IMEX RK","included",,"ODEProblem","nonlinear solve; Jacobian and linear solve; adaptive controller","missing",,"False","lib/OrdinaryDiffEqSDIRK/src/algorithms.jl","1345"
"ESDIRK547L2SA2","algorithm",,"OrdinaryDiffEqSDIRK","SDIRK, ESDIRK, and additive IMEX RK","included",,"ODEProblem","nonlinear solve; Jacobian and linear solve; adaptive controller","missing",,"False","lib/OrdinaryDiffEqSDIRK/src/algorithms.jl","1392"
"ESDIRK54I8L2SA","algorithm",,"OrdinaryDiffEqSDIRK","SDIRK, ESDIRK, and additive IMEX RK","included",,"ODEProblem","nonlinear solve; Jacobian and linear solve; adaptive controller","missing",,"False","lib/OrdinaryDiffEqSDIRK/src/algorithms.jl","1205"
"ESDIRK659L2SA","algorithm",,"OrdinaryDiffEqSDIRK","SDIRK, ESDIRK, and additive IMEX RK","included",,"ODEProblem","nonlinear solve; Jacobian and linear solve; adaptive controller","missing",,"False","lib/OrdinaryDiffEqSDIRK/src/algorithms.jl","1441"
"Hairer4","algorithm",,"OrdinaryDiffEqSDIRK","SDIRK, ESDIRK, and additive IMEX RK","included",,"ODEProblem","nonlinear solve; Jacobian and linear solve; adaptive controller","missing",,"False","lib/OrdinaryDiffEqSDIRK/src/algorithms.jl","831"
"Hairer42","algorithm",,"OrdinaryDiffEqSDIRK","SDIRK, ESDIRK, and additive IMEX RK","included",,"ODEProblem","nonlinear solve; Jacobian and linear solve; adaptive controller","missing",,"False","lib/OrdinaryDiffEqSDIRK/src/algorithms.jl","871"
"IMEXSSP222","algorithm",,"OrdinaryDiffEqSDIRK","SDIRK, ESDIRK, and additive IMEX RK","included",,"ODEProblem or SplitODEProblem","nonlinear solve; Jacobian and linear solve; adaptive controller; split explicit/implicit right-hand side","missing",,"False","lib/OrdinaryDiffEqSDIRK/src/alg_utils.jl","73"
"IMEXSSP2322","algorithm",,"OrdinaryDiffEqSDIRK","SDIRK, ESDIRK, and additive IMEX RK","included",,"ODEProblem or SplitODEProblem","nonlinear solve; Jacobian and linear solve; adaptive controller; split explicit/implicit right-hand side","missing",,"False","lib/OrdinaryDiffEqSDIRK/src/alg_utils.jl","76"
"IMEXSSP3332","algorithm",,"OrdinaryDiffEqSDIRK","SDIRK, ESDIRK, and additive IMEX RK","included",,"ODEProblem or SplitODEProblem","nonlinear solve; Jacobian and linear solve; adaptive controller; split explicit/implicit right-hand side","missing",,"False","lib/OrdinaryDiffEqSDIRK/src/alg_utils.jl","79"
"IMEXSSP3433","algorithm",,"OrdinaryDiffEqSDIRK","SDIRK, ESDIRK, and additive IMEX RK","included",,"ODEProblem or SplitODEProblem","nonlinear solve; Jacobian and linear solve; adaptive controller; split explicit/implicit right-hand side","missing",,"False","lib/OrdinaryDiffEqSDIRK/src/alg_utils.jl","82"
"ImplicitEuler","algorithm",,"OrdinaryDiffEqSDIRK","SDIRK, ESDIRK, and additive IMEX RK","included",,"ODEProblem","nonlinear solve; Jacobian and linear solve; adaptive controller","implemented-and-julia-tested","ImplicitEuler","True","lib/OrdinaryDiffEqSDIRK/src/algorithms.jl","63"
"ImplicitMidpoint","algorithm",,"OrdinaryDiffEqSDIRK","SDIRK, ESDIRK, and additive IMEX RK","included",,"ODEProblem","nonlinear solve; Jacobian and linear solve; adaptive controller","implemented-and-julia-tested","ImplicitMidpoint","True","lib/OrdinaryDiffEqSDIRK/src/algorithms.jl","108"
"KenCarp3","algorithm",,"OrdinaryDiffEqSDIRK","SDIRK, ESDIRK, and additive IMEX RK","included",,"ODEProblem or SplitODEProblem","nonlinear solve; Jacobian and linear solve; adaptive controller; split explicit/implicit right-hand side","missing",,"False","lib/OrdinaryDiffEqSDIRK/src/algorithms.jl","454"
"KenCarp4","algorithm",,"OrdinaryDiffEqSDIRK","SDIRK, ESDIRK, and additive IMEX RK","included",,"ODEProblem or SplitODEProblem","nonlinear solve; Jacobian and linear solve; adaptive controller; split explicit/implicit right-hand side","missing",,"False","lib/OrdinaryDiffEqSDIRK/src/algorithms.jl","1015"
"KenCarp47","algorithm",,"OrdinaryDiffEqSDIRK","SDIRK, ESDIRK, and additive IMEX RK","included",,"ODEProblem or SplitODEProblem","nonlinear solve; Jacobian and linear solve; adaptive controller; split explicit/implicit right-hand side","missing",,"False","lib/OrdinaryDiffEqSDIRK/src/algorithms.jl","1064"
"KenCarp5","algorithm",,"OrdinaryDiffEqSDIRK","SDIRK, ESDIRK, and additive IMEX RK","included",,"ODEProblem or SplitODEProblem","nonlinear solve; Jacobian and linear solve; adaptive controller; split explicit/implicit right-hand side","missing",,"False","lib/OrdinaryDiffEqSDIRK/src/algorithms.jl","1110"
"KenCarp58","algorithm",,"OrdinaryDiffEqSDIRK","SDIRK, ESDIRK, and additive IMEX RK","included",,"ODEProblem or SplitODEProblem","nonlinear solve; Jacobian and linear solve; adaptive controller; split explicit/implicit right-hand side","missing",,"False","lib/OrdinaryDiffEqSDIRK/src/algorithms.jl","1157"
"Kvaerno3","algorithm",,"OrdinaryDiffEqSDIRK","SDIRK, ESDIRK, and additive IMEX RK","included",,"ODEProblem","nonlinear solve; Jacobian and linear solve; adaptive controller","missing",,"False","lib/OrdinaryDiffEqSDIRK/src/algorithms.jl","408"
"Kvaerno4","algorithm",,"OrdinaryDiffEqSDIRK","SDIRK, ESDIRK, and additive IMEX RK","included",,"ODEProblem","nonlinear solve; Jacobian and linear solve; adaptive controller","missing",,"False","lib/OrdinaryDiffEqSDIRK/src/algorithms.jl","919"
"Kvaerno5","algorithm",,"OrdinaryDiffEqSDIRK","SDIRK, ESDIRK, and additive IMEX RK","included",,"ODEProblem","nonlinear solve; Jacobian and linear solve; adaptive controller","missing",,"False","lib/OrdinaryDiffEqSDIRK/src/algorithms.jl","969"
"Predictor","algorithm",,"OrdinaryDiffEqSDIRK","SDIRK, ESDIRK, and additive IMEX RK","included",,"ODEProblem","nonlinear solve; Jacobian and linear solve; adaptive controller","missing",,"False","lib/OrdinaryDiffEqSDIRK/src/alg_utils.jl","98"
"SDIRK2","algorithm",,"OrdinaryDiffEqSDIRK","SDIRK, ESDIRK, and additive IMEX RK","included",,"ODEProblem","nonlinear solve; Jacobian and linear solve; adaptive controller","missing",,"False","lib/OrdinaryDiffEqSDIRK/src/algorithms.jl","256"
"SDIRK22","algorithm",,"OrdinaryDiffEqSDIRK","SDIRK, ESDIRK, and additive IMEX RK","included",,"ODEProblem","nonlinear solve; Jacobian and linear solve; adaptive controller","missing",,"False","lib/OrdinaryDiffEqSDIRK/src/algorithms.jl","304"
"SFSDIRK4","algorithm",,"OrdinaryDiffEqSDIRK","SDIRK, ESDIRK, and additive IMEX RK","included",,"ODEProblem","nonlinear solve; Jacobian and linear solve; adaptive controller","missing",,"False","lib/OrdinaryDiffEqSDIRK/src/algorithms.jl","601"
"SFSDIRK5","algorithm",,"OrdinaryDiffEqSDIRK","SDIRK, ESDIRK, and additive IMEX RK","included",,"ODEProblem","nonlinear solve; Jacobian and linear solve; adaptive controller","missing",,"False","lib/OrdinaryDiffEqSDIRK/src/algorithms.jl","647"
"SFSDIRK6","algorithm",,"OrdinaryDiffEqSDIRK","SDIRK, ESDIRK, and additive IMEX RK","included",,"ODEProblem","nonlinear solve; Jacobian and linear solve; adaptive controller","missing",,"False","lib/OrdinaryDiffEqSDIRK/src/algorithms.jl","694"
"SFSDIRK7","algorithm",,"OrdinaryDiffEqSDIRK","SDIRK, ESDIRK, and additive IMEX RK","included",,"ODEProblem","nonlinear solve; Jacobian and linear solve; adaptive controller","missing",,"False","lib/OrdinaryDiffEqSDIRK/src/algorithms.jl","741"
"SFSDIRK8","algorithm",,"OrdinaryDiffEqSDIRK","SDIRK, ESDIRK, and additive IMEX RK","included",,"ODEProblem","nonlinear solve; Jacobian and linear solve; adaptive controller","missing",,"False","lib/OrdinaryDiffEqSDIRK/src/algorithms.jl","788"
"SSPSDIRK2","algorithm",,"OrdinaryDiffEqSDIRK","SDIRK, ESDIRK, and additive IMEX RK","included",,"ODEProblem","nonlinear solve; Jacobian and linear solve; adaptive controller","missing",,"False","lib/OrdinaryDiffEqSDIRK/src/algorithms.jl","359"
"Trapezoid","algorithm",,"OrdinaryDiffEqSDIRK","SDIRK, ESDIRK, and additive IMEX RK","included",,"ODEProblem","nonlinear solve; Jacobian and linear solve; adaptive controller","implemented-and-julia-tested","Trapezoid","True","lib/OrdinaryDiffEqSDIRK/src/algorithms.jl","150"
"TRBDF2","algorithm",,"OrdinaryDiffEqSDIRK","SDIRK, ESDIRK, and additive IMEX RK","included",,"ODEProblem","nonlinear solve; Jacobian and linear solve; adaptive controller","implemented-and-julia-tested","Trbdf2","True","lib/OrdinaryDiffEqSDIRK/src/algorithms.jl","203"
"MER5v2","algorithm",,"OrdinaryDiffEqSIMDRK","SIMD explicit Runge-Kutta","included",,"ODEProblem","first-order state; SIMD-specialized workspace","missing",,"False","lib/OrdinaryDiffEqSIMDRK/src/algorithms.jl","1"
"MER6v2","algorithm",,"OrdinaryDiffEqSIMDRK","SIMD explicit Runge-Kutta","included",,"ODEProblem","first-order state; SIMD-specialized workspace","missing",,"False","lib/OrdinaryDiffEqSIMDRK/src/algorithms.jl","19"
"RK6v4","algorithm",,"OrdinaryDiffEqSIMDRK","SIMD explicit Runge-Kutta","included",,"ODEProblem","first-order state; SIMD-specialized workspace","missing",,"False","lib/OrdinaryDiffEqSIMDRK/src/algorithms.jl","37"
"KYK2014DGSSPRK_3S2","algorithm",,"OrdinaryDiffEqSSPRK","strong-stability-preserving Runge-Kutta","included",,"ODEProblem","first-order state; stage/step limiters; adaptive controller where applicable","missing",,"False","lib/OrdinaryDiffEqSSPRK/src/algorithms.jl","285"
"KYKSSPRK42","algorithm",,"OrdinaryDiffEqSSPRK","strong-stability-preserving Runge-Kutta","included",,"ODEProblem","first-order state; stage/step limiters; adaptive controller where applicable","missing",,"False","lib/OrdinaryDiffEqSSPRK/src/algorithms.jl","267"
"pRRK22","algorithm",,"OrdinaryDiffEqSSPRK","strong-stability-preserving Runge-Kutta","included",,"ODEProblem","first-order state; stage/step limiters; adaptive controller where applicable","missing",,"False","lib/OrdinaryDiffEqSSPRK/src/algorithms.jl","306"
"pRRK33","algorithm",,"OrdinaryDiffEqSSPRK","strong-stability-preserving Runge-Kutta","included",,"ODEProblem","first-order state; stage/step limiters; adaptive controller where applicable","missing",,"False","lib/OrdinaryDiffEqSSPRK/src/algorithms.jl","327"
"pRRK54","algorithm",,"OrdinaryDiffEqSSPRK","strong-stability-preserving Runge-Kutta","included",,"ODEProblem","first-order state; stage/step limiters; adaptive controller where applicable","missing",,"False","lib/OrdinaryDiffEqSSPRK/src/algorithms.jl","348"
"SSPRK104","algorithm",,"OrdinaryDiffEqSSPRK","strong-stability-preserving Runge-Kutta","included",,"ODEProblem","first-order state; stage/step limiters; adaptive controller where applicable","implemented-and-julia-tested","SspRk104","True","lib/OrdinaryDiffEqSSPRK/src/algorithms.jl","172"
"SSPRK22","algorithm",,"OrdinaryDiffEqSSPRK","strong-stability-preserving Runge-Kutta","included",,"ODEProblem","first-order state; stage/step limiters; adaptive controller where applicable","implemented-and-julia-tested","SspRk22","True","lib/OrdinaryDiffEqSSPRK/src/algorithms.jl","24"
"SSPRK33","algorithm",,"OrdinaryDiffEqSSPRK","strong-stability-preserving Runge-Kutta","included",,"ODEProblem","first-order state; stage/step limiters; adaptive controller where applicable","implemented-and-julia-tested","SspRk33","True","lib/OrdinaryDiffEqSSPRK/src/algorithms.jl","249"
"SSPRK43","algorithm",,"OrdinaryDiffEqSSPRK","strong-stability-preserving Runge-Kutta","included",,"ODEProblem","first-order state; stage/step limiters; adaptive controller where applicable","implemented-and-julia-tested","SspRk43","True","lib/OrdinaryDiffEqSSPRK/src/algorithms.jl","96"
"SSPRK432","algorithm",,"OrdinaryDiffEqSSPRK","strong-stability-preserving Runge-Kutta","included",,"ODEProblem","first-order state; stage/step limiters; adaptive controller where applicable","missing",,"False","lib/OrdinaryDiffEqSSPRK/src/algorithms.jl","111"
"SSPRK53","algorithm",,"OrdinaryDiffEqSSPRK","strong-stability-preserving Runge-Kutta","included",,"ODEProblem","first-order state; stage/step limiters; adaptive controller where applicable","implemented-and-julia-tested","SspRk53","True","lib/OrdinaryDiffEqSSPRK/src/algorithms.jl","38"
"SSPRK53_2N1","algorithm",,"OrdinaryDiffEqSSPRK","strong-stability-preserving Runge-Kutta","included",,"ODEProblem","first-order state; stage/step limiters; adaptive controller where applicable","implemented-and-julia-tested","SspRk53TwoN1","True","lib/OrdinaryDiffEqSSPRK/src/algorithms.jl","157"
"SSPRK53_2N2","algorithm",,"OrdinaryDiffEqSSPRK","strong-stability-preserving Runge-Kutta","included",,"ODEProblem","first-order state; stage/step limiters; adaptive controller where applicable","implemented-and-julia-tested","SspRk53TwoN2","True","lib/OrdinaryDiffEqSSPRK/src/algorithms.jl","9"
"SSPRK53_H","algorithm",,"OrdinaryDiffEqSSPRK","strong-stability-preserving Runge-Kutta","included",,"ODEProblem","first-order state; stage/step limiters; adaptive controller where applicable","implemented-and-julia-tested","SspRk53H","True","lib/OrdinaryDiffEqSSPRK/src/algorithms.jl","234"
"SSPRK54","algorithm",,"OrdinaryDiffEqSSPRK","strong-stability-preserving Runge-Kutta","included",,"ODEProblem","first-order state; stage/step limiters; adaptive controller where applicable","implemented-and-julia-tested","SspRk54","True","lib/OrdinaryDiffEqSSPRK/src/algorithms.jl","143"
"SSPRK63","algorithm",,"OrdinaryDiffEqSSPRK","strong-stability-preserving Runge-Kutta","included",,"ODEProblem","first-order state; stage/step limiters; adaptive controller where applicable","implemented-and-julia-tested","SspRk63","True","lib/OrdinaryDiffEqSSPRK/src/algorithms.jl","52"
"SSPRK73","algorithm",,"OrdinaryDiffEqSSPRK","strong-stability-preserving Runge-Kutta","included",,"ODEProblem","first-order state; stage/step limiters; adaptive controller where applicable","implemented-and-julia-tested","SspRk73","True","lib/OrdinaryDiffEqSSPRK/src/algorithms.jl","220"
"SSPRK83","algorithm",,"OrdinaryDiffEqSSPRK","strong-stability-preserving Runge-Kutta","included",,"ODEProblem","first-order state; stage/step limiters; adaptive controller where applicable","implemented-and-julia-tested","SspRk83","True","lib/OrdinaryDiffEqSSPRK/src/algorithms.jl","66"
"SSPRK932","algorithm",,"OrdinaryDiffEqSSPRK","strong-stability-preserving Runge-Kutta","included",,"ODEProblem","first-order state; stage/step limiters; adaptive controller where applicable","missing",,"False","lib/OrdinaryDiffEqSSPRK/src/algorithms.jl","188"
"SSPRKMSVS32","algorithm",,"OrdinaryDiffEqSSPRK","strong-stability-preserving Runge-Kutta","included",,"ODEProblem","first-order state; stage/step limiters; adaptive controller where applicable","missing",,"False","lib/OrdinaryDiffEqSSPRK/src/algorithms.jl","128"
"SSPRKMSVS43","algorithm",,"OrdinaryDiffEqSSPRK","strong-stability-preserving Runge-Kutta","included",,"ODEProblem","first-order state; stage/step limiters; adaptive controller where applicable","missing",,"False","lib/OrdinaryDiffEqSSPRK/src/algorithms.jl","205"
"IRKC","algorithm",,"OrdinaryDiffEqStabilizedIRK","stabilized implicit Runge-Kutta","included",,"ODEProblem","nonlinear solve; Jacobian and linear solve; stability-degree selection","missing",,"False","lib/OrdinaryDiffEqStabilizedIRK/src/algorithms.jl","12"
"ESERK4","algorithm",,"OrdinaryDiffEqStabilizedRK","stabilized explicit Runge-Kutta","included",,"ODEProblem","spectral radius estimation; variable-stage stabilized recurrence; adaptive controller","missing",,"False","lib/OrdinaryDiffEqStabilizedRK/src/alg_utils.jl","4"
"ESERK5","algorithm",,"OrdinaryDiffEqStabilizedRK","stabilized explicit Runge-Kutta","included",,"ODEProblem","spectral radius estimation; variable-stage stabilized recurrence; adaptive controller","missing",,"False","lib/OrdinaryDiffEqStabilizedRK/src/alg_utils.jl","5"
"RKC","algorithm",,"OrdinaryDiffEqStabilizedRK","stabilized explicit Runge-Kutta","included",,"ODEProblem","spectral radius estimation; variable-stage stabilized recurrence; adaptive controller","missing",,"False","lib/OrdinaryDiffEqStabilizedRK/src/algorithms.jl","93"
"RKG1","algorithm",,"OrdinaryDiffEqStabilizedRK","stabilized explicit Runge-Kutta","included",,"ODEProblem","spectral radius estimation; variable-stage stabilized recurrence; adaptive controller","missing",,"False","lib/OrdinaryDiffEqStabilizedRK/src/algorithms.jl","367"
"RKG2","algorithm",,"OrdinaryDiffEqStabilizedRK","stabilized explicit Runge-Kutta","included",,"ODEProblem","spectral radius estimation; variable-stage stabilized recurrence; adaptive controller","missing",,"False","lib/OrdinaryDiffEqStabilizedRK/src/algorithms.jl","403"
"RKL1","algorithm",,"OrdinaryDiffEqStabilizedRK","stabilized explicit Runge-Kutta","included",,"ODEProblem","spectral radius estimation; variable-stage stabilized recurrence; adaptive controller","missing",,"False","lib/OrdinaryDiffEqStabilizedRK/src/algorithms.jl","289"
"RKL2","algorithm",,"OrdinaryDiffEqStabilizedRK","stabilized explicit Runge-Kutta","included",,"ODEProblem","spectral radius estimation; variable-stage stabilized recurrence; adaptive controller","missing",,"False","lib/OrdinaryDiffEqStabilizedRK/src/algorithms.jl","330"
"RKMC2","algorithm",,"OrdinaryDiffEqStabilizedRK","stabilized explicit Runge-Kutta","included",,"ODEProblem","spectral radius estimation; variable-stage stabilized recurrence; adaptive controller","missing",,"False","lib/OrdinaryDiffEqStabilizedRK/src/algorithms.jl","256"
"ROCK2","algorithm",,"OrdinaryDiffEqStabilizedRK","stabilized explicit Runge-Kutta","included",,"ODEProblem","spectral radius estimation; variable-stage stabilized recurrence; adaptive controller","missing",,"False","lib/OrdinaryDiffEqStabilizedRK/src/algorithms.jl","31"
"ROCK4","algorithm",,"OrdinaryDiffEqStabilizedRK","stabilized explicit Runge-Kutta","included",,"ODEProblem","spectral radius estimation; variable-stage stabilized recurrence; adaptive controller","missing",,"False","lib/OrdinaryDiffEqStabilizedRK/src/algorithms.jl","72"
"SERK2","algorithm",,"OrdinaryDiffEqStabilizedRK","stabilized explicit Runge-Kutta","included",,"ODEProblem","spectral radius estimation; variable-stage stabilized recurrence; adaptive controller","missing",,"False","lib/OrdinaryDiffEqStabilizedRK/src/algorithms.jl","191"
"TSRKC2","algorithm",,"OrdinaryDiffEqStabilizedRK","stabilized explicit Runge-Kutta","included",,"ODEProblem","spectral radius estimation; variable-stage stabilized recurrence; adaptive controller","missing",,"False","lib/OrdinaryDiffEqStabilizedRK/src/alg_utils.jl","11"
"TSRKC3","algorithm",,"OrdinaryDiffEqStabilizedRK","stabilized explicit Runge-Kutta","included",,"ODEProblem","spectral radius estimation; variable-stage stabilized recurrence; adaptive controller","missing",,"False","lib/OrdinaryDiffEqStabilizedRK/src/alg_utils.jl","12"
"CalvoSanz4","algorithm",,"OrdinaryDiffEqSymplecticRK","symplectic and partitioned Runge-Kutta","included",,"DynamicalODEProblem","partitioned position/momentum state; fixed-step geometric update","missing",,"False","lib/OrdinaryDiffEqSymplecticRK/src/algorithms.jl","155"
"CandyRoz4","algorithm",,"OrdinaryDiffEqSymplecticRK","symplectic and partitioned Runge-Kutta","included",,"DynamicalODEProblem","partitioned position/momentum state; fixed-step geometric update","missing",,"False","lib/OrdinaryDiffEqSymplecticRK/src/algorithms.jl","130"
"KahanLi6","algorithm",,"OrdinaryDiffEqSymplecticRK","symplectic and partitioned Runge-Kutta","included",,"DynamicalODEProblem","partitioned position/momentum state; fixed-step geometric update","missing",,"False","lib/OrdinaryDiffEqSymplecticRK/src/algorithms.jl","203"
"KahanLi8","algorithm",,"OrdinaryDiffEqSymplecticRK","symplectic and partitioned Runge-Kutta","included",,"DynamicalODEProblem","partitioned position/momentum state; fixed-step geometric update","missing",,"False","lib/OrdinaryDiffEqSymplecticRK/src/algorithms.jl","235"
"LeapfrogDriftKickDrift","algorithm",,"OrdinaryDiffEqSymplecticRK","symplectic and partitioned Runge-Kutta","included",,"DynamicalODEProblem","partitioned position/momentum state; fixed-step geometric update","implemented-and-julia-tested","LeapfrogDriftKickDrift","True","lib/OrdinaryDiffEqSymplecticRK/src/algorithms.jl","60"
"McAte2","algorithm",,"OrdinaryDiffEqSymplecticRK","symplectic and partitioned Runge-Kutta","included",,"DynamicalODEProblem","partitioned position/momentum state; fixed-step geometric update","missing",,"False","lib/OrdinaryDiffEqSymplecticRK/src/algorithms.jl","91"
"McAte3","algorithm",,"OrdinaryDiffEqSymplecticRK","symplectic and partitioned Runge-Kutta","included",,"DynamicalODEProblem","partitioned position/momentum state; fixed-step geometric update","missing",,"False","lib/OrdinaryDiffEqSymplecticRK/src/algorithms.jl","114"
"McAte4","algorithm",,"OrdinaryDiffEqSymplecticRK","symplectic and partitioned Runge-Kutta","included",,"DynamicalODEProblem","partitioned position/momentum state; fixed-step geometric update","missing",,"False","lib/OrdinaryDiffEqSymplecticRK/src/algorithms.jl","138"
"McAte42","algorithm",,"OrdinaryDiffEqSymplecticRK","symplectic and partitioned Runge-Kutta","included",,"DynamicalODEProblem","partitioned position/momentum state; fixed-step geometric update","missing",,"False","lib/OrdinaryDiffEqSymplecticRK/src/algorithms.jl","163"
"McAte5","algorithm",,"OrdinaryDiffEqSymplecticRK","symplectic and partitioned Runge-Kutta","included",,"DynamicalODEProblem","partitioned position/momentum state; fixed-step geometric update","missing",,"False","lib/OrdinaryDiffEqSymplecticRK/src/algorithms.jl","171"
"McAte8","algorithm",,"OrdinaryDiffEqSymplecticRK","symplectic and partitioned Runge-Kutta","included",,"DynamicalODEProblem","partitioned position/momentum state; fixed-step geometric update","missing",,"False","lib/OrdinaryDiffEqSymplecticRK/src/algorithms.jl","220"
"PseudoVerletLeapfrog","algorithm",,"OrdinaryDiffEqSymplecticRK","symplectic and partitioned Runge-Kutta","included",,"DynamicalODEProblem","partitioned position/momentum state; fixed-step geometric update","missing",,"False","lib/OrdinaryDiffEqSymplecticRK/src/algorithms.jl","70"
"Ruth3","algorithm",,"OrdinaryDiffEqSymplecticRK","symplectic and partitioned Runge-Kutta","included",,"DynamicalODEProblem","partitioned position/momentum state; fixed-step geometric update","missing",,"False","lib/OrdinaryDiffEqSymplecticRK/src/algorithms.jl","106"
"SofSpa10","algorithm",,"OrdinaryDiffEqSymplecticRK","symplectic and partitioned Runge-Kutta","included",,"DynamicalODEProblem","partitioned position/momentum state; fixed-step geometric update","missing",,"False","lib/OrdinaryDiffEqSymplecticRK/src/algorithms.jl","251"
"SymplecticEuler","algorithm",,"OrdinaryDiffEqSymplecticRK","symplectic and partitioned Runge-Kutta","included",,"DynamicalODEProblem","partitioned position/momentum state; fixed-step geometric update","implemented-and-julia-tested","SymplecticEuler","True","lib/OrdinaryDiffEqSymplecticRK/src/algorithms.jl","7"
"VelocityVerlet","algorithm",,"OrdinaryDiffEqSymplecticRK","symplectic and partitioned Runge-Kutta","included",,"DynamicalODEProblem","partitioned position/momentum state; fixed-step geometric update","implemented-and-julia-tested","VelocityVerlet","True","lib/OrdinaryDiffEqSymplecticRK/src/algorithms.jl","28"
"VerletLeapfrog","algorithm",,"OrdinaryDiffEqSymplecticRK","symplectic and partitioned Runge-Kutta","included",,"DynamicalODEProblem","partitioned position/momentum state; fixed-step geometric update","implemented-and-julia-tested","VerletLeapfrog","True","lib/OrdinaryDiffEqSymplecticRK/src/algorithms.jl","49"
"Yoshida6","algorithm",,"OrdinaryDiffEqSymplecticRK","symplectic and partitioned Runge-Kutta","included",,"DynamicalODEProblem","partitioned position/momentum state; fixed-step geometric update","missing",,"False","lib/OrdinaryDiffEqSymplecticRK/src/algorithms.jl","187"
"ExplicitTaylor","algorithm",,"OrdinaryDiffEqTaylorSeries","Taylor series","included",,"ODEProblem","higher time derivatives or Taylor-mode AD; adaptive order/step controller","missing",,"False","lib/OrdinaryDiffEqTaylorSeries/src/algorithms.jl","17"
"ExplicitTaylor2","algorithm",,"OrdinaryDiffEqTaylorSeries","Taylor series","included",,"ODEProblem","higher time derivatives or Taylor-mode AD; adaptive order/step controller","missing",,"False","lib/OrdinaryDiffEqTaylorSeries/src/algorithms.jl","5"
"ExplicitTaylorAdaptiveOrder","algorithm",,"OrdinaryDiffEqTaylorSeries","Taylor series","included",,"ODEProblem","higher time derivatives or Taylor-mode AD; adaptive order/step controller","missing",,"False","lib/OrdinaryDiffEqTaylorSeries/src/algorithms.jl","29"
"AutoTsit5","composite-constructor",,"OrdinaryDiffEqTsit5","explicit Runge-Kutta","included",,"ODEProblem","first-order state; adaptive controller; method-specific dense interpolation","missing",,"False","lib/OrdinaryDiffEqTsit5/src/algorithms.jl","33"
"Tsit5","algorithm",,"OrdinaryDiffEqTsit5","explicit Runge-Kutta","included",,"ODEProblem","first-order state; adaptive controller; method-specific dense interpolation","implemented-and-julia-tested","Tsit5","True","lib/OrdinaryDiffEqTsit5/src/algorithms.jl","16"
"AutoVern6","composite-constructor",,"OrdinaryDiffEqVerner","high-order explicit Runge-Kutta","included",,"ODEProblem","first-order state; adaptive controller; high-order dense interpolation","missing",,"False","lib/OrdinaryDiffEqVerner/src/OrdinaryDiffEqVerner.jl","124"
"AutoVern7","composite-constructor",,"OrdinaryDiffEqVerner","high-order explicit Runge-Kutta","included",,"ODEProblem","first-order state; adaptive controller; high-order dense interpolation","missing",,"False","lib/OrdinaryDiffEqVerner/src/OrdinaryDiffEqVerner.jl","124"
"AutoVern8","composite-constructor",,"OrdinaryDiffEqVerner","high-order explicit Runge-Kutta","included",,"ODEProblem","first-order state; adaptive controller; high-order dense interpolation","missing",,"False","lib/OrdinaryDiffEqVerner/src/OrdinaryDiffEqVerner.jl","124"
"AutoVern9","composite-constructor",,"OrdinaryDiffEqVerner","high-order explicit Runge-Kutta","included",,"ODEProblem","first-order state; adaptive controller; high-order dense interpolation","missing",,"False","lib/OrdinaryDiffEqVerner/src/OrdinaryDiffEqVerner.jl","124"
"RKV76IIa","algorithm",,"OrdinaryDiffEqVerner","high-order explicit Runge-Kutta","included",,"ODEProblem","first-order state; adaptive controller; high-order dense interpolation","missing",,"False","lib/OrdinaryDiffEqVerner/src/algorithms.jl","159"
"Vern6","algorithm",,"OrdinaryDiffEqVerner","high-order explicit Runge-Kutta","included",,"ODEProblem","first-order state; adaptive controller; high-order dense interpolation","implemented-and-julia-tested","Vern6","True","lib/OrdinaryDiffEqVerner/src/algorithms.jl","18"
"Vern7","algorithm",,"OrdinaryDiffEqVerner","high-order explicit Runge-Kutta","included",,"ODEProblem","first-order state; adaptive controller; high-order dense interpolation","implemented-and-julia-tested","Vern7","True","lib/OrdinaryDiffEqVerner/src/algorithms.jl","44"
"Vern8","algorithm",,"OrdinaryDiffEqVerner","high-order explicit Runge-Kutta","included",,"ODEProblem","first-order state; adaptive controller; high-order dense interpolation","implemented-and-julia-tested","Vern8","True","lib/OrdinaryDiffEqVerner/src/algorithms.jl","70"
"Vern9","algorithm",,"OrdinaryDiffEqVerner","high-order explicit Runge-Kutta","included",,"ODEProblem","first-order state; adaptive controller; high-order dense interpolation","implemented-and-julia-tested","Vern9","True","lib/OrdinaryDiffEqVerner/src/algorithms.jl","95"
